,Indicator Name,SDG,Indicator Code,Indicator Short Name
0,Access to clean fuels and technologies for cooking (% of population),7,EG.CFT.ACCS.ZS,Access to clean fuels and technologies for cooking
1,Access to electricity (% of population),7,EG.ELC.ACCS.ZS,Access to electricity
2,"Access to electricity, rural (% of rural population)",7,EG.ELC.ACCS.RU.ZS,"Access to electricity, rural"
3,"Access to electricity, urban (% of urban population)",7,EG.ELC.ACCS.UR.ZS,"Access to electricity, urban"
4,Account ownership at a financial institution or with a mobile-money-service provider (% of population ages 15+),8,FX.OWN.TOTL.ZS,Account ownership at a financial institution or with a mobile-money-service provider
5,"Account ownership at a financial institution or with a mobile-money-service provider, female (% of population ages 15+)",8,FX.OWN.TOTL.FE.ZS,"Account ownership at a financial institution or with a mobile-money-service provider, female"
6,"Account ownership at a financial institution or with a mobile-money-service provider, male (% of population ages 15+)",8,FX.OWN.TOTL.MA.ZS,"Account ownership at a financial institution or with a mobile-money-service provider, male"
7,"Account ownership at a financial institution or with a mobile-money-service provider, older adults (% of population ages 25+)",8,FX.OWN.TOTL.OL.ZS,"Account ownership at a financial institution or with a mobile-money-service provider, older adults"
8,"Account ownership at a financial institution or with a mobile-money-service provider, poorest 40% (% of population ages 15+)",8,FX.OWN.TOTL.40.ZS,"Account ownership at a financial institution or with a mobile-money-service provider, poorest 40%"
9,"Account ownership at a financial institution or with a mobile-money-service provider, primary education or less (% of population ages 15+)",8,FX.OWN.TOTL.PL.ZS,"Account ownership at a financial institution or with a mobile-money-service provider, primary education or less"
10,"Account ownership at a financial institution or with a mobile-money-service provider, richest 60% (% of population ages 15+)",8,FX.OWN.TOTL.60.ZS,"Account ownership at a financial institution or with a mobile-money-service provider, richest 60%"
11,"Account ownership at a financial institution or with a mobile-money-service provider, secondary education or more (% of population ages 15+)",8,FX.OWN.TOTL.SO.ZS,"Account ownership at a financial institution or with a mobile-money-service provider, secondary education or more"
12,"Account ownership at a financial institution or with a mobile-money-service provider, young adults (% of population ages 15-24)",8,FX.OWN.TOTL.YG.ZS,"Account ownership at a financial institution or with a mobile-money-service provider, young adults"
13,"Adjusted net savings, excluding particulate emission damage (% of GNI)",13,NY.ADJ.SVNX.GN.ZS,"Adjusted net savings, excluding particulate emission damage"
14,"Adolescent fertility rate (births per 1,000 women ages 15-19)",3,SP.ADO.TFRT,Adolescent fertility rate
15,Adolescents out of school (% of lower secondary school age),4,SE.SEC.UNER.LO.ZS,Adolescents out of school
16,"Adolescents out of school, female (% of female lower secondary school age)",4,SE.SEC.UNER.LO.FE.ZS,"Adolescents out of school, female"
17,"Adolescents out of school, male (% of male lower secondary school age)",4,SE.SEC.UNER.LO.MA.ZS,"Adolescents out of school, male"
18,"Agriculture, forestry, and fishing, value added per worker (constant 2010 US$)",2,NV.AGR.EMPL.KD,"Agriculture, forestry, and fishing, value added per worker"
19,"Air transport, freight (million ton-km)",11,IS.AIR.GOOD.MT.K1,"Air transport, freight"
20,"Air transport, passengers carried",11,IS.AIR.PSGR,"Air transport, passengers carried"
21,"Annual freshwater withdrawals, agriculture (% of total freshwater withdrawal)",6,ER.H2O.FWAG.ZS,"Annual freshwater withdrawals, agriculture"
22,"Annual freshwater withdrawals, domestic (% of total freshwater withdrawal)",6,ER.H2O.FWDM.ZS,"Annual freshwater withdrawals, domestic"
23,"Annual freshwater withdrawals, industry (% of total freshwater withdrawal)",6,ER.H2O.FWIN.ZS,"Annual freshwater withdrawals, industry"
24,"Annual freshwater withdrawals, total (% of internal resources)",6,ER.H2O.FWTL.ZS,"Annual freshwater withdrawals, total"
25,"Annual freshwater withdrawals, total (billion cubic meters)",6,ER.H2O.FWTL.K3,"Annual freshwater withdrawals, total (Bm3)"
26,"Annualized growth in per capita real survey mean consumption or income, bottom 40% (%)",12,SI.SPR.PC40.ZG,"Annualized growth in per capita real survey mean consumption or income, bottom 40%"
27,"Annualized growth in per capita real survey mean consumption or income, total population (%)",12,SI.SPR.PCAP.ZG,"Annualized growth in per capita real survey mean consumption or income, total population"
28,Aquaculture production (metric tons),14,ER.FSH.AQUA.MT,Aquaculture production
29,Average transaction cost of sending remittances from a specific country (%),17,SI.RMT.COST.OB.ZS,Average transaction cost of sending remittances from a specific country
30,Average transaction cost of sending remittances to a specific country (%),17,SI.RMT.COST.IB.ZS,Average transaction cost of sending remittances to a specific country
31,Bank capital to assets ratio (%),8,FB.BNK.CAPA.ZS,Bank capital to assets ratio
32,Bank nonperforming loans to total gross loans (%),8,FB.AST.NPER.ZS,Bank nonperforming loans to total gross loans
33,Battle-related deaths (number of people),16,VC.BTL.DETH,Battle-related deaths
34,"Bird species, threatened",15,EN.BIR.THRD.NO,"Bird species, threatened"
35,Births attended by skilled health staff (% of total),3,SH.STA.BRTC.ZS,Births attended by skilled health staff
36,Bribery incidence (% of firms experiencing at least one bribe payment request),16,IC.FRM.BRIB.ZS,Bribery incidence
37,Broad money growth (annual %),8,FM.LBL.BMNY.ZG,Broad money growth
38,Broad money to total reserves ratio,8,FM.LBL.BMNY.IR.ZS,Broad money to total reserves ratio
39,Capture fisheries production (metric tons),2,ER.FSH.CAPT.MT,Capture fisheries production
40,Cereal yield (kg per hectare),2,AG.YLD.CREL.KG,Cereal yield
41,"Children in employment, female (% of female children ages 7-14)",10,SL.TLF.0714.FE.ZS,"Children in employment, female"
42,"Children in employment, male (% of male children ages 7-14)",10,SL.TLF.0714.MA.ZS,"Children in employment, male"
43,"Children in employment, total (% of children ages 7-14)",10,SL.TLF.0714.ZS,"Children in employment, total"
44,Children out of school (% of primary school age),4,SE.PRM.UNER.ZS,Children out of school
45,"Children out of school, female (% of female primary school age)",4,SE.PRM.UNER.FE.ZS,"Children out of school, female"
46,"Children out of school, male (% of male primary school age)",4,SE.PRM.UNER.MA.ZS,"Children out of school, male"
47,"Children out of school, primary",4,SE.PRM.UNER,"Children out of school, primary"
48,"Children out of school, primary, female",4,SE.PRM.UNER.FE,"Children out of school, primary, female"
49,"Children out of school, primary, male",4,SE.PRM.UNER.MA,"Children out of school, primary, male"
50,CO2 emissions (kg per 2010 US$ of GDP),13,EN.ATM.CO2E.KD.GD,CO2 emissions (% GDP 2010)
51,CO2 emissions (kg per 2017 PPP $ of GDP),13,EN.ATM.CO2E.PP.GD.KD,CO2 emissions (% GDP 2017)
52,CO2 emissions (kg per PPP $ of GDP),13,EN.ATM.CO2E.PP.GD,CO2 emissions (% GDP)
53,CO2 emissions (metric tons per capita),13,EN.ATM.CO2E.PC,CO2 emissions (tons/capita)
54,Coal rents (% of GDP),7,NY.GDP.COAL.RT.ZS,Coal rents
55,"Commercial bank branches (per 100,000 adults)",8,FB.CBK.BRCH.P5,Commercial bank branches
56,Completeness of birth registration (%),3,SP.REG.BRTH.ZS,Completeness of birth registration
57,"Completeness of birth registration, female (%)",3,SP.REG.BRTH.FE.ZS,"Completeness of birth registration, female"
58,"Completeness of birth registration, male (%)",3,SP.REG.BRTH.MA.ZS,"Completeness of birth registration, male"
59,"Completeness of birth registration, rural (%)",3,SP.REG.BRTH.RU.ZS,"Completeness of birth registration, rural"
60,"Completeness of birth registration, urban (%)",3,SP.REG.BRTH.UR.ZS,"Completeness of birth registration, urban"
61,"Compulsory education, duration (years)",4,SE.COM.DURS,"Compulsory education, duration"
62,"Contributing family workers, female (% of female employment) (modeled ILO estimate)",8,SL.FAM.WORK.FE.ZS,"Contributing family workers, female"
63,"Contributing family workers, male (% of male employment) (modeled ILO estimate)",8,SL.FAM.WORK.MA.ZS,"Contributing family workers, male"
64,Coverage of social insurance programs (% of population),8,per_si_allsi.cov_pop_tot,Coverage of social insurance programs
65,Coverage of social insurance programs in 2nd quintile (% of population),8,per_si_allsi.cov_q2_tot,Coverage of social insurance programs in 2nd quintile
66,Coverage of social insurance programs in 3rd quintile (% of population),8,per_si_allsi.cov_q3_tot,Coverage of social insurance programs in 3rd quintile
67,Coverage of social insurance programs in 4th quintile (% of population),8,per_si_allsi.cov_q4_tot,Coverage of social insurance programs in 4th quintile
68,Coverage of social insurance programs in poorest quintile (% of population),8,per_si_allsi.cov_q1_tot,Coverage of social insurance programs in poorest quintile
69,Coverage of social insurance programs in richest quintile (% of population),8,per_si_allsi.cov_q5_tot,Coverage of social insurance programs in richest quintile
70,Coverage of social safety net programs (% of population),8,per_sa_allsa.cov_pop_tot,Coverage of social safety net programs
71,Coverage of social safety net programs in 2nd quintile (% of population),8,per_sa_allsa.cov_q2_tot,Coverage of social safety net programs in 2nd quintile
72,Coverage of social safety net programs in 3rd quintile (% of population),8,per_sa_allsa.cov_q3_tot,Coverage of social safety net programs in 3rd quintile
73,Coverage of social safety net programs in 4th quintile (% of population),8,per_sa_allsa.cov_q4_tot,Coverage of social safety net programs in 4th quintile
74,Coverage of social safety net programs in poorest quintile (% of population),8,per_sa_allsa.cov_q1_tot,Coverage of social safety net programs in poorest quintile
75,Coverage of social safety net programs in richest quintile (% of population),8,per_sa_allsa.cov_q5_tot,Coverage of social safety net programs in richest quintile
76,Coverage of unemployment benefits and ALMP (% of population),8,per_lm_alllm.cov_pop_tot,Coverage of unemployment benefits and ALMP
77,Coverage of unemployment benefits and ALMP in 2nd quintile (% of population),8,per_lm_alllm.cov_q2_tot,Coverage of unemployment benefits and ALMP in 2nd quintile
78,Coverage of unemployment benefits and ALMP in 3rd quintile (% of population),8,per_lm_alllm.cov_q3_tot,Coverage of unemployment benefits and ALMP in 3rd quintile
79,Coverage of unemployment benefits and ALMP in 4th quintile (% of population),8,per_lm_alllm.cov_q4_tot,Coverage of unemployment benefits and ALMP in 4th quintile
80,Coverage of unemployment benefits and ALMP in poorest quintile (% of population),8,per_lm_alllm.cov_q1_tot,Coverage of unemployment benefits and ALMP in poorest quintile
81,Coverage of unemployment benefits and ALMP in richest quintile (% of population),8,per_lm_alllm.cov_q5_tot,Coverage of unemployment benefits and ALMP in richest quintile
82,Current account balance (% of GDP),8,BN.CAB.XOKA.GD.ZS,Current account balance
83,"Debt service (PPG and IMF only, % of exports of goods, services and primary income)",8,DT.TDS.DPPF.XP.ZS,Debt service
84,DEC alternative conversion factor (LCU per US$),8,PA.NUS.ATLS,DEC alternative conversion factor
85,Demand for family planning satisfied by modern methods (% of married women with demand for family planning),5,SH.FPL.SATM.ZS,Demand for family planning satisfied by modern methods
86,Disaster risk reduction progress score (1-5 scale; 5=best),13,EN.CLC.DRSK.XQ,Disaster risk reduction progress score
87,"Droughts, floods, extreme temperatures (% of population, average 1990-2009)",13,EN.CLC.MDAT.ZS,"Droughts, floods, extreme temperatures"
88,"Educational attainment, at least Bachelor's or equivalent, population 25+, female (%) (cumulative)",4,SE.TER.CUAT.BA.FE.ZS,"Educational attainment, at least Bachelor's or equivalent, population 25+, female"
89,"Educational attainment, at least Bachelor's or equivalent, population 25+, male (%) (cumulative)",4,SE.TER.CUAT.BA.MA.ZS,"Educational attainment, at least Bachelor's or equivalent, population 25+, male"
90,"Educational attainment, at least Bachelor's or equivalent, population 25+, total (%) (cumulative)",4,SE.TER.CUAT.BA.ZS,"Educational attainment, at least Bachelor's or equivalent, population 25+, total"
91,"Educational attainment, at least completed lower secondary, population 25+, female (%) (cumulative)",4,SE.SEC.CUAT.LO.FE.ZS,"Educational attainment, at least completed lower secondary, population 25+, female"
92,"Educational attainment, at least completed lower secondary, population 25+, male (%) (cumulative)",4,SE.SEC.CUAT.LO.MA.ZS,"Educational attainment, at least completed lower secondary, population 25+, male"
93,"Educational attainment, at least completed lower secondary, population 25+, total (%) (cumulative)",4,SE.SEC.CUAT.LO.ZS,"Educational attainment, at least completed lower secondary, population 25+, total"
94,"Educational attainment, at least completed post-secondary, population 25+, female (%) (cumulative)",4,SE.SEC.CUAT.PO.FE.ZS,"Educational attainment, at least completed post-secondary, population 25+, female"
95,"Educational attainment, at least completed post-secondary, population 25+, male (%) (cumulative)",4,SE.SEC.CUAT.PO.MA.ZS,"Educational attainment, at least completed post-secondary, population 25+, male"
96,"Educational attainment, at least completed post-secondary, population 25+, total (%) (cumulative)",4,SE.SEC.CUAT.PO.ZS,"Educational attainment, at least completed post-secondary, population 25+, total"
97,"Educational attainment, at least completed primary, population 25+ years, male (%) (cumulative)",4,SE.PRM.CUAT.MA.ZS,"Educational attainment, at least completed primary, population 25+ years, male"
98,"Educational attainment, at least completed short-cycle tertiary, population 25+, female (%) (cumulative)",4,SE.TER.CUAT.ST.FE.ZS,"Educational attainment, at least completed short-cycle tertiary, population 25+, female"
99,"Educational attainment, at least completed short-cycle tertiary, population 25+, male (%) (cumulative)",4,SE.TER.CUAT.ST.MA.ZS,"Educational attainment, at least completed short-cycle tertiary, population 25+, male"
100,"Educational attainment, at least completed short-cycle tertiary, population 25+, total (%) (cumulative)",4,SE.TER.CUAT.ST.ZS,"Educational attainment, at least completed short-cycle tertiary, population 25+, total"
101,"Educational attainment, at least completed upper secondary, population 25+, female (%) (cumulative)",4,SE.SEC.CUAT.UP.FE.ZS,"Educational attainment, at least completed upper secondary, population 25+, female"
102,"Educational attainment, at least completed upper secondary, population 25+, male (%) (cumulative)",4,SE.SEC.CUAT.UP.MA.ZS,"Educational attainment, at least completed upper secondary, population 25+, male"
103,"Educational attainment, at least completed upper secondary, population 25+, total (%) (cumulative)",4,SE.SEC.CUAT.UP.ZS,"Educational attainment, at least completed upper secondary, population 25+, total"
104,"Educational attainment, at least Master's or equivalent, population 25+, female (%) (cumulative)",4,SE.TER.CUAT.MS.FE.ZS,"Educational attainment, at least Master's or equivalent, population 25+, female"
105,"Educational attainment, at least Master's or equivalent, population 25+, male (%) (cumulative)",4,SE.TER.CUAT.MS.MA.ZS,"Educational attainment, at least Master's or equivalent, population 25+, male"
106,"Educational attainment, at least Master's or equivalent, population 25+, total (%) (cumulative)",4,SE.TER.CUAT.MS.ZS,"Educational attainment, at least Master's or equivalent, population 25+, total"
107,"Educational attainment, Doctoral or equivalent, population 25+, female (%) (cumulative)",4,SE.TER.CUAT.DO.FE.ZS,"Educational attainment, Doctoral or equivalent, population 25+, female"
108,"Educational attainment, Doctoral or equivalent, population 25+, male (%) (cumulative)",4,SE.TER.CUAT.DO.MA.ZS,"Educational attainment, Doctoral or equivalent, population 25+, male"
109,"Educational attainment, Doctoral or equivalent, population 25+, total (%) (cumulative)",4,SE.TER.CUAT.DO.ZS,"Educational attainment, Doctoral or equivalent, population 25+, total"
110,Employment in agriculture (% of total employment) (modeled ILO estimate),8,SL.AGR.EMPL.ZS,Employment in agriculture
111,"Employment in agriculture, female (% of female employment) (modeled ILO estimate)",8,SL.AGR.EMPL.FE.ZS,"Employment in agriculture, female"
112,"Employment in agriculture, male (% of male employment) (modeled ILO estimate)",8,SL.AGR.EMPL.MA.ZS,"Employment in agriculture, male"
113,Employment in industry (% of total employment) (modeled ILO estimate),8,SL.IND.EMPL.ZS,Employment in industry
114,"Employment in industry, female (% of female employment) (modeled ILO estimate)",8,SL.IND.EMPL.FE.ZS,"Employment in industry, female"
115,"Employment in industry, male (% of male employment) (modeled ILO estimate)",8,SL.IND.EMPL.MA.ZS,"Employment in industry, male"
116,Employment in services (% of total employment) (modeled ILO estimate),8,SL.SRV.EMPL.ZS,Employment in services
117,"Employment in services, female (% of female employment) (modeled ILO estimate)",8,SL.SRV.EMPL.FE.ZS,"Employment in services, female"
118,"Employment in services, male (% of male employment) (modeled ILO estimate)",8,SL.SRV.EMPL.MA.ZS,"Employment in services, male"
119,Energy intensity level of primary energy (MJ/$2011 PPP GDP),7,EG.EGY.PRIM.PP.KD,Energy intensity level of primary energy
120,Exclusive breastfeeding (% of children under 6 months),3,SH.STA.BFED.ZS,Exclusive breastfeeding
121,Exports of goods and services (% of GDP),8,NE.EXP.GNFS.ZS,Exports of goods and services (% GDP)
122,Exports of goods and services (annual % growth),8,NE.EXP.GNFS.KD.ZG,Exports of goods and services (% growth)
123,External debt stocks (% of GNI),8,DT.DOD.DECT.GN.ZS,External debt stocks
124,Female genital mutilation prevalence (%),3,SH.STA.FGMS.ZS,Female genital mutilation prevalence
125,Female share of employment in senior and middle management (%),5,SL.EMP.SMGT.FE.ZS,Female share of employment in senior and middle management
126,Firms expected to give gifts in meetings with tax officials (% of firms),16,IC.TAX.GIFT.ZS,Firms expected to give gifts in meetings with tax officials
127,Firms with female participation in ownership (% of firms),5,IC.FRM.FEMO.ZS,Firms with female participation in ownership
128,Firms with female top manager (% of firms),5,IC.FRM.FEMM.ZS,Firms with female top manager
129,"Fish species, threatened",14,EN.FSH.THRD.NO,"Fish species, threatened"
130,"Foreign direct investment, net inflows (% of GDP)",17,BX.KLT.DINV.WD.GD.ZS,"Foreign direct investment, net inflows (%GDP)"
131,"Foreign direct investment, net inflows (BoP, current US$)",17,BX.KLT.DINV.CD.WD,"Foreign direct investment, net inflows (BoP $)"
132,Forest area (% of land area),15,AG.LND.FRST.ZS,Forest area (%)
133,Forest area (sq. km),15,AG.LND.FRST.K2,Forest area (km2)
134,Forest rents (% of GDP),15,NY.GDP.FRST.RT.ZS,Forest rents
135,GDP (constant 2010 US$),8,NY.GDP.MKTP.KD,GDP (constant $)
136,GDP (constant LCU),8,NY.GDP.MKTP.KN,GDP (constant LCU)
137,GDP (current LCU),8,NY.GDP.MKTP.CN,GDP (current LCU)
138,GDP (current US$),8,NY.GDP.MKTP.CD,GDP (current $)
139,GDP growth (annual %),8,NY.GDP.MKTP.KD.ZG,GDP growth
140,GDP per capita (constant 2010 US$),8,NY.GDP.PCAP.KD,GDP per capita (constant $)
141,GDP per capita (constant LCU),8,NY.GDP.PCAP.KN,GDP per capita (constant LCU)
142,GDP per capita (current LCU),8,NY.GDP.PCAP.CN,GDP per capita (current LCU)
143,GDP per capita (current US$),8,NY.GDP.PCAP.CD,GDP per capita (current $)
144,GDP per capita growth (annual %),8,NY.GDP.PCAP.KD.ZG,GDP per capita growth
145,"GDP per capita, PPP (constant 2017 international $)",8,NY.GDP.PCAP.PP.KD,"GDP per capita, PPP (constant)"
146,"GDP per capita, PPP (current international $)",8,NY.GDP.PCAP.PP.CD,"GDP per capita, PPP (current)"
147,GDP per person employed (constant 2017 PPP $),8,SL.GDP.PCAP.EM.KD,GDP per person employed
148,"GDP, PPP (constant 2017 international $)",8,NY.GDP.MKTP.PP.KD,"GDP, PPP (constant)"
149,"GDP, PPP (current international $)",8,NY.GDP.MKTP.PP.CD,"GDP, PPP (current)"
150,General government final consumption expenditure (annual % growth),12,NE.CON.GOVT.KD.ZG,General government final consumption expenditure
151,General government final consumption expenditure (constant 2010 US$),12,NE.CON.GOVT.KD,General government final consumption expenditure
152,GNI (constant 2010 US$),8,NY.GNP.MKTP.KD,GNI (constant 2010 $)
153,GNI (constant LCU),8,NY.GNP.MKTP.KN,GNI (constant LCU)
154,GNI per capita (constant 2010 US$),8,NY.GNP.PCAP.KD,GNI per capita (constant 2010 $)
155,GNI per capita (constant LCU),8,NY.GNP.PCAP.KN,GNI per capita (constant)
156,GNI per capita (current LCU),8,NY.GNP.PCAP.CN,GNI per capita (current)
157,GNI per capita (US$),8,NY.GNP.MKTP.PC.CD,GNI per capita
158,GNI per capita growth (annual %),8,NY.GNP.PCAP.KD.ZG,GNI per capita growth
159,"GNI per capita, Atlas method (current US$)",8,NY.GNP.PCAP.CD,"GNI per capita, Atlas method"
160,"GNI per capita, PPP (constant 2017 international $)",8,NY.GNP.PCAP.PP.KD,"GNI per capita, PPP (constant)"
161,"GNI per capita, PPP (current international $)",8,NY.GNP.PCAP.PP.CD,"GNI per capita, PPP (current)"
162,"GNI, PPP (constant 2017 international $)",8,NY.GNP.MKTP.PP.KD,"GNI, PPP (constant)"
163,"GNI, PPP (current international $)",8,NY.GNP.MKTP.PP.CD,"GNI, PPP (current)"
164,Gross capital formation (annual % growth),8,NE.GDI.TOTL.KD.ZG,Gross capital formation
165,Households and NPISHs Final consumption expenditure (annual % growth),11,NE.CON.PRVT.KD.ZG,Households and NPISHs Final consumption expenditure
166,"Immunization, DPT (% of children ages 12-23 months)",3,SH.IMM.IDPT,"Immunization, DPT"
167,"Immunization, HepB3 (% of one-year-old children)",3,SH.IMM.HEPB,"Immunization, HepB3"
168,"Immunization, measles (% of children ages 12-23 months)",3,SH.IMM.MEAS,"Immunization, measles"
169,Imports of goods and services (annual % growth),12,NE.IMP.GNFS.KD.ZG,Imports of goods and services
170,"Incidence of HIV, ages 15-49 (per 1,000 uninfected population ages 15-49)",3,SH.HIV.INCD.ZS,"Incidence of HIV, ages 15-49"
171,"Incidence of malaria (per 1,000 population at risk)",3,SH.MLR.INCD.P3,Incidence of malaria
172,"Incidence of tuberculosis (per 100,000 people)",3,SH.TBS.INCD,Incidence of tuberculosis
173,Individuals using the Internet (% of population),11,IT.NET.USER.ZS,Individuals using the Internet
174,"Industry (including construction), value added per worker (constant 2010 US$)",9,NV.IND.EMPL.KD,Industry
175,"Inflation, consumer prices (annual %)",12,FP.CPI.TOTL.ZG,"Inflation, consumer prices"
176,Informal employment (% of total non-agricultural employment),8,SL.ISV.IFRM.ZS,Informal employment
177,"Informal employment, female (% of total non-agricultural employment)",8,SL.ISV.IFRM.FE.ZS,"Informal employment, female"
178,"Informal employment, male (% of total non-agricultural employment)",8,SL.ISV.IFRM.MA.ZS,"Informal employment, male"
179,"Intentional homicides (per 100,000 people)",16,VC.IHR.PSRC.P5,Intentional homicides
180,"Intentional homicides, female (per 100,000 female)",16,VC.IHR.PSRC.FE.P5,"Intentional homicides, female"
181,"Intentional homicides, male (per 100,000 male)",16,VC.IHR.PSRC.MA.P5,"Intentional homicides, male"
182,Investment in energy with private participation (current US$),7,IE.PPI.ENGY.CD,Investment in energy with private participation
183,Investment in transport with private participation (current US$),11,IE.PPI.TRAN.CD,Investment in transport with private participation
184,Investment in water and sanitation with private participation (current US$),6,IE.PPI.WATR.CD,Investment in water and sanitation with private participation
185,Level of water stress: freshwater withdrawal as a proportion of available freshwater resources,6,ER.H2O.FWST.ZS,Level of water stress: freshwater withdrawal as a proportion of available freshwater resources
186,"Literacy rate, adult female (% of females ages 15 and above)",4,SE.ADT.LITR.FE.ZS,"Literacy rate, adult female"
187,"Literacy rate, adult male (% of males ages 15 and above)",4,SE.ADT.LITR.MA.ZS,"Literacy rate, adult male"
188,"Literacy rate, adult total (% of people ages 15 and above)",4,SE.ADT.LITR.ZS,"Literacy rate, adult total"
189,"Literacy rate, youth (ages 15-24), gender parity index (GPI)",4,SE.ADT.1524.LT.FM.ZS,"Literacy rate, youth"
190,"Literacy rate, youth female (% of females ages 15-24)",4,SE.ADT.1524.LT.FE.ZS,"Literacy rate, youth female"
191,"Literacy rate, youth male (% of males ages 15-24)",4,SE.ADT.1524.LT.MA.ZS,"Literacy rate, youth male"
192,"Literacy rate, youth total (% of people ages 15-24)",4,SE.ADT.1524.LT.ZS,"Literacy rate, youth total"
193,"Lower secondary completion rate, female (% of relevant age group)",4,SE.SEC.CMPT.LO.FE.ZS,"Lower secondary completion rate, female"
194,"Lower secondary completion rate, male (% of relevant age group)",4,SE.SEC.CMPT.LO.MA.ZS,"Lower secondary completion rate, male"
195,"Lower secondary completion rate, total (% of relevant age group)",4,SE.SEC.CMPT.LO.ZS,"Lower secondary completion rate, total"
196,"Mammal species, threatened",15,EN.MAM.THRD.NO,"Mammal species, threatened"
197,"Manufacturing, value added (% of GDP)",9,NV.IND.MANF.ZS,"Manufacturing, value added"
198,"Manufacturing, value added (current US$)",9,NV.IND.MANF.CD,"Manufacturing, value added"
199,Marine protected areas (% of territorial waters),14,ER.MRN.PTMR.ZS,Marine protected areas
200,"Maternal mortality ratio (modeled estimate, per 100,000 live births)",3,SH.STA.MMRT,Maternal mortality ratio
201,Medium and high-tech Industry (including construction) (% manufacturing value added),9,NV.MNF.TECH.ZS.UN,Medium and high-tech Industry
202,Merchandise trade (% of GDP),17,TG.VAL.TOTL.GD.ZS,Merchandise trade
203,Methodology assessment of statistical capacity (scale 0 - 100),17,IQ.SCI.MTHD,Methodology assessment of statistical capacity
204,Mineral rents (% of GDP),12,NY.GDP.MINR.RT.ZS,Mineral rents
205,"Mortality caused by road traffic injury (per 100,000 people)",3,SH.STA.TRAF.P5,Mortality caused by road traffic injury
206,"Mortality from CVD, cancer, diabetes or CRD between exact ages 30 and 70 (%)",3,SH.DYN.NCOM.ZS,"Mortality from CVD, cancer, diabetes or CRD between exact ages 30 and 70"
207,"Mortality from CVD, cancer, diabetes or CRD between exact ages 30 and 70, female (%)",3,SH.DYN.NCOM.FE.ZS,"Mortality from CVD, cancer, diabetes or CRD between exact ages 30 and 70, female"
208,"Mortality from CVD, cancer, diabetes or CRD between exact ages 30 and 70, male (%)",3,SH.DYN.NCOM.MA.ZS,"Mortality from CVD, cancer, diabetes or CRD between exact ages 30 and 70, male"
209,"Mortality rate attributed to household and ambient air pollution, age-standardized (per 100,000 population)",3,SH.STA.AIRP.P5,"Mortality rate attributed to household and ambient air pollution, age-standardized"
210,"Mortality rate attributed to household and ambient air pollution, age-standardized, female (per 100,000 female population)",3,SH.STA.AIRP.FE.P5,"Mortality rate attributed to household and ambient air pollution, age-standardized, female"
211,"Mortality rate attributed to household and ambient air pollution, age-standardized, male (per 100,000 male population)",3,SH.STA.AIRP.MA.P5,"Mortality rate attributed to household and ambient air pollution, age-standardized, male"
212,"Mortality rate attributed to unintentional poisoning (per 100,000 population)",3,SH.STA.POIS.P5,Mortality rate attributed to unintentional poisoning
213,"Mortality rate attributed to unintentional poisoning, female (per 100,000 female population)",3,SH.STA.POIS.P5.FE,"Mortality rate attributed to unintentional poisoning, female"
214,"Mortality rate attributed to unintentional poisoning, male (per 100,000 male population)",3,SH.STA.POIS.P5.MA,"Mortality rate attributed to unintentional poisoning, male"
215,"Mortality rate attributed to unsafe water, unsafe sanitation and lack of hygiene (per 100,000 population)",3,SH.STA.WASH.P5,"Mortality rate attributed to unsafe water, unsafe sanitation and lack of hygiene"
216,"Mortality rate, neonatal (per 1,000 live births)",3,SH.DYN.NMRT,"Mortality rate, neonatal"
217,"Mortality rate, under-5 (per 1,000 live births)",3,SH.DYN.MORT,"Mortality rate, under-5"
218,"Mortality rate, under-5, female (per 1,000 live births)",3,SH.DYN.MORT.FE,"Mortality rate, under-5, female"
219,"Mortality rate, under-5, male (per 1,000 live births)",3,SH.DYN.MORT.MA,"Mortality rate, under-5, male"
220,Multidimensional poverty headcount ratio (% of total population),1,SI.POV.MDIM,Multidimensional poverty headcount ratio
221,"Multidimensional poverty headcount ratio, children (% of population ages 0-17)",1,SI.POV.MDIM.17,"Multidimensional poverty headcount ratio, children"
222,"Multidimensional poverty headcount ratio, female (% of female population)",1,SI.POV.MDIM.FE,"Multidimensional poverty headcount ratio, female"
223,"Multidimensional poverty headcount ratio, household (% of total households)",1,SI.POV.MDIM.HH,"Multidimensional poverty headcount ratio, household"
224,"Multidimensional poverty headcount ratio, male (% of male population)",1,SI.POV.MDIM.MA,"Multidimensional poverty headcount ratio, male"
225,Multidimensional poverty index (scale 0-1),1,SI.POV.MDIM.XQ,Multidimensional poverty index
226,"Multidimensional poverty index, children (population ages 0-17) (scale 0-1)",1,SI.POV.MDIM.17.XQ,"Multidimensional poverty index, children"
227,Multidimensional poverty intensity (average share of deprivations experienced by the poor),1,SI.POV.MDIM.IT,Multidimensional poverty intensity
228,Natural gas rents (% of GDP),7,NY.GDP.NGAS.RT.ZS,Natural gas rents
229,Net official development assistance and official aid received (current US$),9,DT.ODA.ALLD.CD,Net official development assistance and official aid received
230,Net official development assistance received (constant 2018 US$),9,DT.ODA.ODAT.KD,Net official development assistance received (constant)
231,Net official development assistance received (current US$),9,DT.ODA.ODAT.CD,Net official development assistance received (current)
232,Net official development assistance received (current US$),9,DT.ODA.ODAT.CD1,Net official development assistance received
233,"New business density (new registrations per 1,000 people ages 15-64)",9,IC.BUS.NDNS.ZS,New business density
234,Nondiscrimination clause mentions gender in the constitution (1=yes; 0=no),5,SG.NOD.CONS,Nondiscrimination clause mentions gender in the constitution
235,Number of people spending more than 10% of household consumption or income on out-of-pocket health care expenditure,12,SH.UHC.OOPC.10.TO,Number of people spending more than 10% of household consumption or income on out-of-pocket health care expenditure
236,Number of people spending more than 25% of household consumption or income on out-of-pocket health care expenditure,12,SH.UHC.OOPC.25.TO,Number of people spending more than 25% of household consumption or income on out-of-pocket health care expenditure
237,"Nurses and midwives (per 1,000 people)",3,SH.MED.NUMW.P3,Nurses and midwives
238,Oil rents (% of GDP),7,NY.GDP.PETR.RT.ZS,Oil rents
239,"Over-age students, primary (% of enrollment)",4,SE.PRM.OENR.ZS,"Over-age students, primary"
240,"Over-age students, primary, female (% of female enrollment)",4,SE.PRM.OENR.FE.ZS,"Over-age students, primary, female"
241,"Over-age students, primary, male (% of male enrollment)",4,SE.PRM.OENR.MA.ZS,"Over-age students, primary, male"
242,"Patent applications, nonresidents",9,IP.PAT.NRES,"Patent applications, nonresidents"
243,"Patent applications, residents",9,IP.PAT.RESD,"Patent applications, residents"
244,People practicing open defecation (% of population),6,SH.STA.ODFC.ZS,People practicing open defecation
245,"People practicing open defecation, rural (% of rural population)",6,SH.STA.ODFC.RU.ZS,"People practicing open defecation, rural"
246,"People practicing open defecation, urban (% of urban population)",6,SH.STA.ODFC.UR.ZS,"People practicing open defecation, urban"
247,People using at least basic drinking water services (% of population),6,SH.H2O.BASW.ZS,People using at least basic drinking water services
248,"People using at least basic drinking water services, rural (% of rural population)",6,SH.H2O.BASW.RU.ZS,"People using at least basic drinking water services, rural"
249,"People using at least basic drinking water services, urban (% of urban population)",6,SH.H2O.BASW.UR.ZS,"People using at least basic drinking water services, urban"
250,People using at least basic sanitation services (% of population),6,SH.STA.BASS.ZS,People using at least basic sanitation services
251,"People using at least basic sanitation services, rural (% of rural population)",6,SH.STA.BASS.RU.ZS,"People using at least basic sanitation services, rural"
252,"People using at least basic sanitation services, urban (% of urban population)",6,SH.STA.BASS.UR.ZS,"People using at least basic sanitation services, urban"
253,People using safely managed drinking water services (% of population),6,SH.H2O.SMDW.ZS,People using safely managed drinking water services
254,"People using safely managed drinking water services, rural (% of rural population)",6,SH.H2O.SMDW.RU.ZS,"People using safely managed drinking water services, rural"
255,"People using safely managed drinking water services, urban (% of urban population)",6,SH.H2O.SMDW.UR.ZS,"People using safely managed drinking water services, urban"
256,People using safely managed sanitation services (% of population),6,SH.STA.SMSS.ZS,People using safely managed sanitation services
257,"People using safely managed sanitation services, rural (% of rural population)",6,SH.STA.SMSS.RU.ZS,"People using safely managed sanitation services, rural"
258,"People using safely managed sanitation services, urban (% of urban population)",6,SH.STA.SMSS.UR.ZS,"People using safely managed sanitation services, urban"
259,People with basic handwashing facilities including soap and water (% of population),6,SH.STA.HYGN.ZS,People with basic handwashing facilities including soap and water
260,"People with basic handwashing facilities including soap and water, rural (% of rural population)",6,SH.STA.HYGN.RU.ZS,"People with basic handwashing facilities including soap and water, rural"
261,"People with basic handwashing facilities including soap and water, urban (% of urban population)",6,SH.STA.HYGN.UR.ZS,"People with basic handwashing facilities including soap and water, urban"
262,Periodicity and timeliness assessment of statistical capacity (scale 0 - 100),9,IQ.SCI.PRDC,Periodicity and timeliness assessment of statistical capacity
263,"Personal remittances, received (% of GDP)",9,BX.TRF.PWKR.DT.GD.ZS,"Personal remittances, received"
264,"Physicians (per 1,000 people)",10,SH.MED.PHYS.ZS,Physicians
265,"Plant species (higher), threatened",15,EN.HPT.THRD.NO,Plant species
266,"PM2.5 air pollution, mean annual exposure (micrograms per cubic meter)",11,EN.ATM.PM25.MC.M3,"PM2.5 air pollution, mean annual exposure"
267,"PM2.5 air pollution, population exposed to levels exceeding WHO guideline value (% of total)",11,EN.ATM.PM25.MC.ZS,"PM2.5 air pollution, population exposed to levels exceeding WHO guideline value"
268,"PM2.5 pollution, population exposed to levels exceeding WHO Interim Target-1 value (% of total)",3,EN.ATM.PM25.MC.T1.ZS,"PM2.5 pollution, population exposed to levels exceeding WHO Interim Target-1 value"
269,"PM2.5 pollution, population exposed to levels exceeding WHO Interim Target-2 value (% of total)",3,EN.ATM.PM25.MC.T2.ZS,"PM2.5 pollution, population exposed to levels exceeding WHO Interim Target-2 value"
270,"PM2.5 pollution, population exposed to levels exceeding WHO Interim Target-3 value (% of total)",3,EN.ATM.PM25.MC.T3.ZS,"PM2.5 pollution, population exposed to levels exceeding WHO Interim Target-3 value"
271,Population living in slums (% of urban population),1,EN.POP.SLUM.UR.ZS,Population living in slums
272,"Portfolio investment, net (BoP, current US$)",8,BN.KLT.PTXL.CD,"Portfolio investment, net"
273,Poverty headcount ratio at $1.90 a day (2011 PPP) (% of population),1,SI.POV.DDAY,Poverty headcount ratio at $1.90 a day
274,Poverty headcount ratio at national poverty lines (% of population),1,SI.POV.NAHC,Poverty headcount ratio at national poverty lines
275,"PPP conversion factor, GDP (LCU per international $)",12,PA.NUS.PPP,"PPP conversion factor, GDP"
276,"PPP conversion factor, private consumption (LCU per international $)",12,PA.NUS.PRVT.PP,"PPP conversion factor, private consumption"
277,"Preprimary education, duration (years)",4,SE.PRE.DURS,"Preprimary education, duration"
278,Prevalence of anemia among women of reproductive age (% of women ages 15-49),3,SH.ANM.ALLW.ZS,Prevalence of anemia among women of reproductive age
279,"Prevalence of current tobacco use, females (% of female adults)",3,SH.PRV.SMOK.FE,"Prevalence of current tobacco use, females"
280,"Prevalence of current tobacco use, males (% of male adults)",3,SH.PRV.SMOK.MA,"Prevalence of current tobacco use, males"
281,"Prevalence of HIV, female (% ages 15-24)",3,SH.HIV.1524.FE.ZS,"Prevalence of HIV, female"
282,"Prevalence of HIV, male (% ages 15-24)",3,SH.HIV.1524.MA.ZS,"Prevalence of HIV, male"
283,"Prevalence of HIV, total (% of population ages 15-49)",3,SH.DYN.AIDS.ZS,"Prevalence of HIV, total"
284,Prevalence of moderate or severe food insecurity in the population (%),1,SN.ITK.MSFI.ZS,Prevalence of moderate or severe food insecurity in the population
285,"Prevalence of overweight, weight for height (% of children under 5)",3,SH.STA.OWGH.ZS,"Prevalence of overweight, weight for height"
286,"Prevalence of overweight, weight for height, female (% of children under 5)",3,SH.STA.OWGH.FE.ZS,"Prevalence of overweight, weight for height, female"
287,"Prevalence of overweight, weight for height, male (% of children under 5)",3,SH.STA.OWGH.MA.ZS,"Prevalence of overweight, weight for height, male"
288,Prevalence of severe food insecurity in the population (%),1,SN.ITK.SVFI.ZS,Prevalence of severe food insecurity in the population
289,"Prevalence of severe wasting, weight for height (% of children under 5)",3,SH.SVR.WAST.ZS,"Prevalence of severe wasting, weight for height"
290,"Prevalence of severe wasting, weight for height, female (% of children under 5)",3,SH.SVR.WAST.FE.ZS,"Prevalence of severe wasting, weight for height, female"
291,"Prevalence of severe wasting, weight for height, male (% of children under 5)",3,SH.SVR.WAST.MA.ZS,"Prevalence of severe wasting, weight for height, male"
292,"Prevalence of stunting, height for age (% of children under 5)",3,SH.STA.STNT.ZS,"Prevalence of stunting, height for age"
293,"Prevalence of stunting, height for age, female (% of children under 5)",3,SH.STA.STNT.FE.ZS,"Prevalence of stunting, height for age, female"
294,"Prevalence of stunting, height for age, male (% of children under 5)",3,SH.STA.STNT.MA.ZS,"Prevalence of stunting, height for age, male"
295,Prevalence of undernourishment (% of population),3,SN.ITK.DEFC.ZS,Prevalence of undernourishment
296,"Prevalence of underweight, weight for age (% of children under 5)",3,SH.STA.MALN.ZS,"Prevalence of underweight, weight for age"
297,"Prevalence of underweight, weight for age, female (% of children under 5)",3,SH.STA.MALN.FE.ZS,"Prevalence of underweight, weight for age, female"
298,"Prevalence of underweight, weight for age, male (% of children under 5)",3,SH.STA.MALN.MA.ZS,"Prevalence of underweight, weight for age, male"
299,"Prevalence of wasting, weight for height (% of children under 5)",13,SH.STA.WAST.ZS,"Prevalence of wasting, weight for height"
300,"Prevalence of wasting, weight for height, female (% of children under 5)",3,SH.STA.WAST.FE.ZS,"Prevalence of wasting, weight for height, female"
301,"Prevalence of wasting, weight for height, male (% of children under 5)",3,SH.STA.WAST.MA.ZS,"Prevalence of wasting, weight for height, male"
302,"Primary completion rate, female (% of relevant age group)",4,SE.PRM.CMPT.FE.ZS,"Primary completion rate, female"
303,"Primary completion rate, male (% of relevant age group)",4,SE.PRM.CMPT.MA.ZS,"Primary completion rate, male"
304,"Primary completion rate, total (% of relevant age group)",4,SE.PRM.CMPT.ZS,"Primary completion rate, total"
305,"Primary education, duration (years)",4,SE.PRM.DURS,"Primary education, duration"
306,Primary government expenditures as a proportion of original approved budget (%),4,GF.XPD.BUDG.ZS,Primary government expenditures as a proportion of original approved budget
307,Proportion of people living below 50 percent of median income (%),10,SI.DST.50MD,Proportion of people living below 50 percent of median income
308,Proportion of population spending more than 10% of household consumption or income on out-of-pocket health care expenditure (%),10,SH.UHC.OOPC.10.ZS,Population spending above 10% of household consumption on healthcare
309,Proportion of population spending more than 25% of household consumption or income on out-of-pocket health care expenditure (%),10,SH.UHC.OOPC.25.ZS,Population spending above  25% of household consumption on healthcare
310,Proportion of seats held by women in national parliaments (%),10,SG.GEN.PARL.ZS,Proportion of seats held by women in national parliaments
311,"Proportion of time spent on unpaid domestic and care work, female (% of 24 hour day)",10,SG.TIM.UWRK.FE,"Proportion of time spent on unpaid domestic and care work, female"
312,"Proportion of time spent on unpaid domestic and care work, male (% of 24 hour day)",10,SG.TIM.UWRK.MA,"Proportion of time spent on unpaid domestic and care work, male"
313,Proportion of women subjected to physical and/or sexual violence in the last 12 months (% of women age 15-49),5,SG.VAW.1549.ZS,Proportion of women subjected to physical/sexual violence (last 12 months)
314,"Pupil-teacher ratio, lower secondary",4,SE.SEC.ENRL.LO.TC.ZS,"Pupil-teacher ratio, lower secondary"
315,"Pupil-teacher ratio, preprimary",4,SE.PRE.ENRL.TC.ZS,"Pupil-teacher ratio, preprimary"
316,"Pupil-teacher ratio, primary",4,SE.PRM.ENRL.TC.ZS,"Pupil-teacher ratio, primary"
317,"Pupil-teacher ratio, secondary",4,SE.SEC.ENRL.TC.ZS,"Pupil-teacher ratio, secondary"
318,"Pupil-teacher ratio, tertiary",4,SE.TER.ENRL.TC.ZS,"Pupil-teacher ratio, tertiary"
319,"Pupil-teacher ratio, upper secondary",4,SE.SEC.ENRL.UP.TC.ZS,"Pupil-teacher ratio, upper secondary"
320,"Railways, goods transported (million ton-km)",11,IS.RRS.GOOD.MT.K6,"Railways, goods transported"
321,"Railways, passengers carried (million passenger-km)",11,IS.RRS.PASG.KM,"Railways, passengers carried"
322,Renewable electricity output (% of total electricity output),7,EG.ELC.RNEW.ZS,Renewable electricity output
323,Renewable energy consumption (% of total final energy consumption),7,EG.FEC.RNEW.ZS,Renewable energy consumption
324,Renewable internal freshwater resources per capita (cubic meters),6,ER.H2O.INTR.PC,Renewable internal freshwater resources per capita
325,"Renewable internal freshwater resources, total (billion cubic meters)",6,ER.H2O.INTR.K3,"Renewable internal freshwater resources, total"
326,Research and development expenditure (% of GDP),8,GB.XPD.RSDV.GD.ZS,Research and development expenditure
327,Researchers in R&D (per million people),8,SP.POP.SCIE.RD.P6,Researchers in R&D
328,Rural poverty headcount ratio at national poverty lines (% of rural population),1,SI.POV.RUHC,Rural poverty headcount ratio at national poverty lines
329,"School enrollment, preprimary (% gross)",4,SE.PRE.ENRR,"School enrollment, preprimary"
330,"School enrollment, preprimary, female (% gross)",4,SE.PRE.ENRR.FE,"School enrollment, preprimary, female"
331,"School enrollment, preprimary, male (% gross)",4,SE.PRE.ENRR.MA,"School enrollment, preprimary, male"
332,"School enrollment, primary (gross), gender parity index (GPI)",4,SE.ENR.PRIM.FM.ZS,"School enrollment, primary (GPI)"
333,"School enrollment, primary and secondary (gross), gender parity index (GPI)",4,SE.ENR.PRSC.FM.ZS,"School enrollment, primary and secondary (GPI)"
334,"School enrollment, secondary (gross), gender parity index (GPI)",4,SE.ENR.SECO.FM.ZS,"School enrollment, secondary (GPI)"
335,"School enrollment, tertiary (% gross)",4,SE.TER.ENRR,"School enrollment, tertiary"
336,"School enrollment, tertiary (gross), gender parity index (GPI)",4,SE.ENR.TERT.FM.ZS,"School enrollment, tertiary (GPI)"
337,"School enrollment, tertiary, female (% gross)",4,SE.TER.ENRR.FE,"School enrollment, tertiary, female"
338,"School enrollment, tertiary, male (% gross)",4,SE.TER.ENRR.MA,"School enrollment, tertiary, male"
339,"Secondary education, duration (years)",4,SE.SEC.DURS,"Secondary education, duration"
340,"Services, value added per worker (constant 2010 US$)",9,NV.SRV.EMPL.KD,"Services, value added per worker"
341,"Share of youth not in education, employment or training, female (% of female youth population)",4,SL.UEM.NEET.FE.ZS,"Share of youth not in education, employment or training, female"
342,"Share of youth not in education, employment or training, male (% of male youth population)",4,SL.UEM.NEET.MA.ZS,"Share of youth not in education, employment or training, male"
343,"Share of youth not in education, employment or training, total (% of youth population)",4,SL.UEM.NEET.ZS,"Share of youth not in education, employment or training, total"
344,Source data assessment of statistical capacity (scale 0 - 100),17,IQ.SCI.SRCE,Source data assessment of statistical capacity
345,Statistical Capacity score (Overall average),11,IQ.SCI.OVRL,Statistical Capacity score
346,"Suicide mortality rate (per 100,000 population)",3,SH.STA.SUIC.P5,Suicide mortality rate
347,"Suicide mortality rate, female (per 100,000 female population)",3,SH.STA.SUIC.FE.P5,"Suicide mortality rate, female"
348,"Suicide mortality rate, male (per 100,000 male population)",3,SH.STA.SUIC.MA.P5,"Suicide mortality rate, male"
349,"Tariff rate, applied, simple mean, all products (%)",10,TM.TAX.MRCH.SM.AR.ZS,"Tariff rate, applied, simple mean, all products"
350,"Tariff rate, applied, simple mean, manufactured products (%)",10,TM.TAX.MANF.SM.AR.ZS,"Tariff rate, applied, simple mean, manufactured products"
351,"Tariff rate, applied, simple mean, primary products (%)",10,TM.TAX.TCOM.SM.AR.ZS,"Tariff rate, applied, simple mean, primary products"
352,"Tariff rate, applied, weighted mean, all products (%)",10,TM.TAX.MRCH.WM.AR.ZS,"Tariff rate, applied, weighted mean, all products"
353,"Tariff rate, applied, weighted mean, manufactured products (%)",10,TM.TAX.MANF.WM.AR.ZS,"Tariff rate, applied, weighted mean, manufactured products"
354,"Tariff rate, applied, weighted mean, primary products (%)",10,TM.TAX.TCOM.WM.AR.ZS,"Tariff rate, applied, weighted mean, primary products"
355,Tax revenue (% of GDP),10,GC.TAX.TOTL.GD.ZS,Tax revenue (% GDP)
356,tax revenue (current LCU),10,GC.TAX.TOTL.CN,Tax revenue (LCU)
357,Terrestrial and marine protected areas (% of total territorial area),14,ER.PTD.TOTL.ZS,Terrestrial and marine protected areas
358,Terrestrial protected areas (% of total land area),15,ER.LND.PTLD.ZS,Terrestrial protected areas
359,"Total alcohol consumption per capita (liters of pure alcohol, projected estimates, 15+ years of age)",12,SH.ALC.PCAP.LI,Total alcohol consumption per capita
360,"Total alcohol consumption per capita, female (liters of pure alcohol, projected estimates, female 15+ years of age)",12,SH.ALC.PCAP.FE.LI,"Total alcohol consumption per capita, female"
361,"Total alcohol consumption per capita, male (liters of pure alcohol, projected estimates, male 15+ years of age)",12,SH.ALC.PCAP.MA.LI,"Total alcohol consumption per capita, male"
362,Total fisheries production (metric tons),2,ER.FSH.PROD.MT,Total fisheries production
363,Total natural resources rents (% of GDP),1,NY.GDP.TOTL.RT.ZS,Total natural resources rents
364,Total reserves in months of imports,1,FI.RES.TOTL.MO,Total reserves in months of imports
365,Trained teachers in lower secondary education (% of total teachers),4,SE.SEC.TCAQ.LO.ZS,Trained teachers in lower secondary education
366,"Trained teachers in lower secondary education, female (% of female teachers)",4,SE.SEC.TCAQ.LO.FE.ZS,"Trained teachers in lower secondary education, female"
367,"Trained teachers in lower secondary education, male (% of male teachers)",4,SE.SEC.TCAQ.LO.MA.ZS,"Trained teachers in lower secondary education, male"
368,Trained teachers in preprimary education (% of total teachers),4,SE.PRE.TCAQ.ZS,Trained teachers in preprimary education
369,"Trained teachers in preprimary education, female (% of female teachers)",4,SE.PRE.TCAQ.FE.ZS,"Trained teachers in preprimary education, female"
370,"Trained teachers in preprimary education, male (% of male teachers)",4,SE.PRE.TCAQ.MA.ZS,"Trained teachers in preprimary education, male"
371,Trained teachers in primary education (% of total teachers),4,SE.PRM.TCAQ.ZS,Trained teachers in primary education
372,"Trained teachers in primary education, female (% of female teachers)",4,SE.PRM.TCAQ.FE.ZS,"Trained teachers in primary education, female"
373,"Trained teachers in primary education, male (% of male teachers)",4,SE.PRM.TCAQ.MA.ZS,"Trained teachers in primary education, male"
374,Trained teachers in secondary education (% of total teachers),4,SE.SEC.TCAQ.ZS,Trained teachers in secondary education
375,"Trained teachers in secondary education, female (% of female teachers)",4,SE.SEC.TCAQ.FE.ZS,"Trained teachers in secondary education, female"
376,"Trained teachers in secondary education, male (% of male teachers)",4,SE.SEC.TCAQ.MA.ZS,"Trained teachers in secondary education, male"
377,Trained teachers in upper secondary education (% of total teachers),4,SE.SEC.TCAQ.UP.ZS,Trained teachers in upper secondary education
378,"Trained teachers in upper secondary education, female (% of female teachers)",4,SE.SEC.TCAQ.UP.FE.ZS,"Trained teachers in upper secondary education, female"
379,"Trained teachers in upper secondary education, male (% of male teachers)",4,SE.SEC.TCAQ.UP.MA.ZS,"Trained teachers in upper secondary education, male"
380,"Unemployment, female (% of female labor force) (modeled ILO estimate)",8,SL.UEM.TOTL.FE.ZS,"Unemployment, female (ILO)"
381,"Unemployment, female (% of female labor force) (national estimate)",8,SL.UEM.TOTL.FE.NE.ZS,"Unemployment, female"
382,"Unemployment, male (% of male labor force) (modeled ILO estimate)",8,SL.UEM.TOTL.MA.ZS,"Unemployment, male (ILO)"
383,"Unemployment, male (% of male labor force) (national estimate)",8,SL.UEM.TOTL.MA.NE.ZS,"Unemployment, male"
384,"Unemployment, total (% of total labor force) (modeled ILO estimate)",8,SL.UEM.TOTL.ZS,"Unemployment, total (ILO)"
385,"Unemployment, total (% of total labor force) (national estimate)",8,SL.UEM.TOTL.NE.ZS,"Unemployment, total"
386,"Unemployment, youth female (% of female labor force ages 15-24) (modeled ILO estimate)",8,SL.UEM.1524.FE.ZS,"Unemployment, youth female (ILO)"
387,"Unemployment, youth female (% of female labor force ages 15-24) (national estimate)",8,SL.UEM.1524.FE.NE.ZS,"Unemployment, youth female"
388,"Unemployment, youth male (% of male labor force ages 15-24) (modeled ILO estimate)",8,SL.UEM.1524.MA.ZS,"Unemployment, youth male (ILO)"
389,"Unemployment, youth male (% of male labor force ages 15-24) (national estimate)",8,SL.UEM.1524.MA.NE.ZS,"Unemployment, youth male"
390,"Unemployment, youth total (% of total labor force ages 15-24) (modeled ILO estimate)",8,SL.UEM.1524.ZS,"Unemployment, youth total (ILO)"
391,"Unemployment, youth total (% of total labor force ages 15-24) (national estimate)",8,SL.UEM.1524.NE.ZS,"Unemployment, youth total"
392,Urban population,1,SP.URB.TOTL,Urban population
393,Urban population (% of total population),1,SP.URB.TOTL.IN.ZS,Urban population
394,Urban population growth (annual %),1,SP.URB.GROW,Urban population growth
395,Urban poverty headcount ratio at national poverty lines (% of urban population),1,SI.POV.URHC,Urban poverty headcount ratio at national poverty lines
396,"Wage and salaried workers, female (% of female employment) (modeled ILO estimate)",8,SL.EMP.WORK.FE.ZS,"Wage and salaried workers, female"
397,"Wage and salaried workers, male (% of male employment) (modeled ILO estimate)",8,SL.EMP.WORK.MA.ZS,"Wage and salaried workers, male"
398,"Wage and salaried workers, total (% of total employment) (modeled ILO estimate)",8,SL.EMP.WORK.ZS,"Wage and salaried workers, total"
399,"Water productivity, total (constant 2010 US$ GDP per cubic meter of total freshwater withdrawal)",6,ER.GDP.FWTL.M3.KD,"Water productivity, total"
400,Women Business and the Law Index Score (scale 1-100),5,SG.LAW.INDX,Women Business and the Law Index Score
401,"Women making their own informed decisions regarding sexual relations, contraceptive use and reproductive health care  (% of women age 15-49)",5,SG.DMK.SRCR.FN.ZS,"Women own decisions on sexual relations, contraceptive use and reproductive health"
402,Women who were first married by age 15 (% of women ages 20-24),5,SP.M15.2024.FE.ZS,Women who were first married by age 15
403,Women who were first married by age 18 (% of women ages 20-24),5,SP.M18.2024.FE.ZS,Women who were first married by age 18