TOPIC-id,SDG,TOPIC,Keywords
SDG01000,1,SDG 1,"Poverty, Poverty reduction, Poverty threshold, Extreme poverty, Poverty Reduction Strategies, Microfinance, Microcredit, Small business, Child labour, Child Labor Law, Child Support Grant, Child Welfare, Child Labor Regulation, Social protection, Social safety net, Welfare, Welfare spending, Social Exclusion, Financial inclusion, Conditional Cash Transfer, Poverty Alleviation, Economic Resource AND Access, Inclusive Growth, Third World, Low Income, Low Income Population, Third World, Development Assistance Committee, Development Aid, Official Development Assistance, International Development, Human Development Index, Economic inequality, Income inequality metrics, Multidimensional Poverty Index, Cost of poverty, Social insurance, Social inequality, Poverty reduction, Poverty Line, Poverty threshold, Gini index, Universal Basic Income, Global Poverty Line, Sustainable Development Goal 1"
SDG01010,1,Extreme Poverty,"Poverty, Poverty reduction, Poverty threshold, Extreme poverty, Poverty Reduction Strategies"
SDG01011,1,Poverty reduction, "Poverty reduction"
SDG01012,1,Poverty threshold,"Poverty threshold"
SDG01013,1,Extreme poverty,"Extreme poverty"
SDG01020,1,Microfinance,"Microfinance, Microcredit, Small business"
SDG01021,1,Microfinance,"Microfinance"
SDG01022,1,Microcredit,"Microcredit"
SDG01023,1,Small business,"Small business"
SDG01030,1,Child Labour,"Child labour, Child Labor Law, Child Support Grant, Child Welfare, Child Labor Regulations"
SDG01031,1,Child labour, "Child labour"
SDG01032,1,Child Labor Law,"Child Labor Law"
SDG01033,1,Child Welfare, "Child Welfare"
SDG01040,1,Social Protection,"Social protection, Social safety net, Welfare, Welfare spending, Social Exclusion"
SDG01041,1,Social protection, "Social protection"
SDG01042,1,Welfare spending, "Welfare spending"
SDG01043,1,Social Exclusion, "Social Exclusion"
SDG01050,1,Financial Inclusion,"Financial inclusion, Conditional Cash Transfer, Poverty Alleviation, Economic Resource AND Access, Inclusive Growth"
SDG01051,1,Financial inclusion,"Financial inclusion"
SDG01052,1,Conditional Cash Transfer,"Conditional Cash Transfer"
SDG01053,1,Poverty Alleviation,"Poverty Alleviation"
SDG01060,1,Vulnerable Population,"Third World, Low Income, Low Income Population, Vulnerable adult"
SDG01061,1,Third World,"Third World"
SDG01062,1,Low Income Population,"Low Income Population"
SDG01063,1,Vulnerable adult,"Vulnerable adult"
SDG01070,1,Development Aid,"Third World, Development Assistance Committee, Development Aid, Official Development Assistance, International Development, Human Development Index"
SDG01071,1,Development economics,"Development economics"
SDG01072,1,International Development,"International Development"
SDG01073,1,Human Development Index,"Human Development Index"
SDG01080,1,Multidimensional Poverty,"Economic inequality, Income inequality metrics, Multidimensional Poverty Index, Rural poverty, Energy poverty, Culture of poverty"
SDG01081,1,Economic inequality,"Economic inequality"
SDG01082,1,Income inequality metrics,"Income inequality metrics"
SDG01083,1,Multidimensional Poverty Index,"Multidimensional Poverty Index"
SDG01090,1,Cost of Poverty,"Cost of poverty, Social insurance, Social inequality, Poverty reduction"
SDG01091,1,Social insurance,"Social insurance"
SDG01092,1,Social inequality,"Social inequality"
SDG01093,1,Poverty reduction,"Poverty reduction"
SDG01100,1,Poverty Line,"Poverty Line, Poverty threshold, Gini index, Universal Basic Income, Global Poverty Line"
SDG01101,1,Poverty threshold,"Poverty threshold"
SDG01102,1,Gini index,"Gini index"
SDG01103,1,Universal Basic Income,"Universal Basic Income"
SDG02000,2,SDG 2,"Food Bank, Food security, Famine,  Global Food Security Index, Doha Development Round, Food policy, Malnutrition,  nutrients AND deficiency, Underweight, Food desert, Land law, Agricultural productivity, Agroforestry, Biofertilizer, Crop diversity, Sustainable agriculture"
SDG02010,2,Food Security,"Food Bank, Food security, Famine, Global Food Security Index, Doha Development Round, Food policy"
SDG02011,2,Food Bank,"Food Bank"
SDG02012,2,Food security,"Food security"
SDG02013,2,Food policy,"Food policy"
SDG02020,2,Malnutrition,"Malnutrition, nutrients AND deficiency, Underweight, Food desert"
SDG02021,2,Stunted growth,"Stunted growth"
SDG02022,2,Agricultural biodiversity,"Agricultural biodiversity"
SDG02023,2,Underweight,"Underweight"
SDG02030,2,Agricultural Productivity,"Land law, Agricultural productivity, Agroforestry"
SDG02031,2,Land law,"Land law"
SDG02032,2,Agricultural productivity,"Agricultural productivity"
SDG02033,2,Agroforestry,"Agroforestry"
SDG02040,2,Sustainable Farming,"Biofertilizer, Crop diversity, Sustainable agriculture, Agroecology"
SDG02041,2,Biofertilizer,"Biofertilizer"
SDG02042,2,Crop diversity,"Crop diversity"
SDG02043,2,Agroecology,"Agroecology"
SDG02050,2,Food policy,"Agricultural value chain, Agribusiness, Bioeconomy, Food policy"
SDG02051,2,Agricultural value chain,"Agricultural value chain"
SDG02052,2,Agricultural value chain,"Agricultural value chain"
SDG02053,2,Bioeconomy,"Agribusiness, Bioeconomy"
SDG02060,2,Rural Development,"Land law, Agricultural Land Reserve, Agricultural economics, Indigenous land rights"
SDG02061,2,Agricultural Land Reserve,"Agricultural Land Reserve"
SDG02062,2,Agricultural economics,"Agricultural economics"
SDG02063,2,Indigenous land rights,"Indigenous land rights"
SDG02070,2,Smallholder Farmers,"Agricultural Orientation index, Smallholding, World Food Programme"
SDG02071,2,Agricultural Orientation,"Agricultural orientation index"
SDG02072,2,Smallholding,"Smallholding"
SDG02073,2,World Food Programme,"World Food Programme"
SDG02080,2,Food Systems,"Food system, Food industry, Food Standards Agency, foodborne illness, Food technology"
SDG02081,2,Food system,"Food system"
SDG02082,2,Food industry,"Food industry"
SDG02083,2,Food technology,"Food technology"
SDG02090,2,Zero Hunger,"Hunger, Universal Declaration on the Eradication of Hunger and Malnutrition, Zero Hunger"
SDG02091,2,Famine relief,"Famine relief"
SDG02092,2,Famine scale,"Famine scales"
SDG02093,2,Starvation response,"Starvation response"
SDG02100,2,Resilient Agriculture,"Genetically Modified Food, Climate-smart agriculture, Genetically Modified Crops, Biofortification"
SDG02101,2,Genetically Modified Food,"Genetically Modified Food"
SDG02102,2,Climate-smart agriculture,"Climate-smart agriculture"
SDG02103,2,Biofortification,"Biofortification"
SDG03000,3,SDG 3,"Biomedical sciences, Rare disease, Orphan drugs, Orphanet, 9q34.3 deletion syndrome, Angelman syndrome, Dravet syndrome, Cornelia de Lange syndrome, Fragile X syndrome, Rett syndrome, Kabuki syndrome, Prader–Willi syndrome, Epidemiology, AIDS, Infection, Infectious diseases (medical specialty), COVID-19, Ebola, Influenza, Hepatitis, Mpox, Tuberculosis, Diabetes, Asthma, Arthritis, Cardiovascular disease, Osteoporosis, Cancer, Alzheimer's disease , Non-communicable Diseases, Maternal health, preconception, pregnancy, childbirth, Reproductive health, Complications of pregnancy, Vaccination, Vaccination policy, Vaccination schedule, MEDLINE, Health system, Health care, Health equity, Health human resources, Health insurance, Primary care, Universal Healthcare, Access to Medicine, Cancer, Cancer screening, Cancer treatment, Epidemiology of cancer, Oncology, Cancer research, Mental health, Mental disorder, Mental environment, Emotional resilience, Social stigma, Public health, Air contamination, Air pollution, Global Health Initiatives, Tropical disease, Tropical medicine, Lassa fever, Marburg virus, Dengue fever, Malaria, Sustainable Development Goal 3",,
SDG03010,3,Rare Diseases,"Biomedical sciences, Rare disease, Orphan drugs, Orphanet, 9q34.3 deletion syndrome, Angelman syndrome, Dravet syndrome, Cornelia de Lange syndrome, Fragile X syndrome, Rett syndrome, Kabuki syndrome, Prader–Willi syndrome"
SDG03011,3,Kleefstra,"9q34.3 deletion syndrome"
SDG03012,3,Angelman,"Angelman syndrome"
SDG03013,3,Fragile X,"Fragile X syndrome"
SDG03020,3,Communicable Diseases,"Epidemiology, AIDS, Infection, Infectious diseases (medical specialty), COVID-19, Ebola, Influenza, Hepatitis, Mpox, Tuberculosis"
SDG03021,3,Tuberculosis,"Tuberculosis"
SDG03022,3,Ebola,"Ebola"
SDG03023,3,Influenza,"Influenza"
SDG03030,3,Non-communicable Diseases,"Diabetes, Asthma, Arthritis, Cardiovascular disease, Osteoporosis, Cancer, Alzheimer's disease, Non-communicable Diseases"
SDG03031,3,Diabetes,"Diabetes"
SDG03032,3,Asthma,"Asthma"
SDG03033,3,Cardiovascular disease,"Cardiovascular disease"
SDG03040,3,Maternal Health,"Maternal health, preconception, pregnancy, childbirth, Reproductive health, Complications of pregnancy"
SDG03041,3,pregnancy, "pregnancy"
SDG03042,3,childbirth,"childbirth" 
SDG03043,3,Complications of pregnancy,"Complications of pregnancy"
SDG03050,3,Vaccination,"Vaccination, Vaccination policy, Vaccination schedule" ,"Vaccination policy, Vaccination schedule, Vaccine trial","Vaccination policy, Vaccination schedule, Vaccine trial"
SDG03051,3,Vaccination policy,"Vaccination policy"
SDG03052,3,Vaccination schedule,"Vaccination schedule"
SDG03053,3,Vaccine trial,"Vaccine trial"
SDG03060,3,Public Healthcare,"MEDLINE, Health system, Health care, Health equity, Health human resources, Health insurance, Primary care, Universal Healthcare, Access to Medicine"
SDG03061,3,Health equity, "Health equity"
SDG03062,3,Health human resources, "Health human resources"
SDG03063,3,Health insurance,"Health insurance"
SDG03070,3,Cancer Research,"Cancer, Cancer screening, Cancer treatment, Epidemiology of cancer, Oncology, Cancer research"
SDG03071,3,Cancer screening,"Cancer screening" 
SDG03072,3,Cancer treatment,"Cancer treatment"
SDG03073,3,Cancer research,"Cancer research"
SDG03080,3,Mental Health,"Mental health, Mental disorder, Mental environment, Emotional resilience, Social stigma"
SDG03081,3,Mental disorder,"Mental disorder" 
SDG03082,3,Mental environment,"Mental environment" 
SDG03083,3,Emotional resilience,"Emotional resilience"
SDG03090,3,Public Health,"Public health, Air contamination, Air pollution, Global health,Health promotion"
SDG03091,3,Health promotion,"Health promotion" 
SDG03092,3,Global health,"Global health"
SDG03093,3,Universal health care,"Universal health care"
SDG03100,3,Tropical Disease,"Tropical disease, Tropical medicine, Lassa fever, Marburg virus, Dengue fever, Malaria"
SDG03101,3,Lassa, "Lassa fever"
SDG03102,3,Dengue,"Dengue fever"
SDG03103,3,Malaria,"Malaria"
SDG04000,4,SDG 4,"Continuing education, adult education, Community education, Lifelong learning, Part-time student, Professional learning community, Education policy, Early Childhood Education Act, Education AND Legislation, Board of education, Universal Primary Education, Quality Education, Gender Equality in Education, Youth empowerment, Digital literacy, Data literacy, Education AND Accessibility, Education AND Equity, Education AND Inclusion, Education AND Immigrants, Education AND Migrants, Education AND Open file format, Equal Education, Student financial aid, Early Childhood Development, Teacher education, European Teacher Education Network, Teaching method, Vocational Training, Educational technology, Education AND Innovation, Nonformal learning, Open education, Open educational resources, Free education, Education AND Open access, Nonformal learning, Global Citizenship, functional literacy, Professional development, Capacity building, Coursework, Competency building, Special Education, Disability studies, Early childhood intervention, special needs, learning disabilities, Sustainable Development Goal 4",,
SDG04010,4,Lifelong Learning,"Continuing education, adult education, Community education, Lifelong learning, Part-time student, Professional learning community,Continuing education, Adult education, Community education"
SDG04011,4,Continuing education,"Continuing education"
SDG04012,4,Adult education,"Adult education"
SDG04013,4,Community education,"Community education"
SDG04020,4,Education Policy,"Education policy, Early Childhood Education Act, Education AND Legislation, Board of education, Universal Primary Education, Quality Education, Gender Equality in Education","Early Childhood Education, Quality Education, Gender Equality in Education","Early Childhood Education Act, Quality Education, Gender Equality in Education"
SDG04021,4,Early Childhood Education, "Early Childhood Education Act"
SDG04022,4,Quality Education,"Quality Education"
SDG04023,4,Gender Equality in Education,"Gender Equality in Education"
SDG04030,4,Digital Literacy,"Youth empowerment, Digital literacy, Data literacy,Media literacy,Web literacy"
SDG04031,4,Web literacy,"Web literacy"
SDG04032,4,Media literacy,"Media literacy"
SDG04033,4,Data literacy,"Data literacy"
SDG04040,4,Inclusive Education,"Education AND Accessibility, Education AND Equity, Education AND Inclusion, Education AND Immigrants, Education AND Migrants, Education AND Open file format, Equal Education, Student financial aid, Early Childhood Development"
SDG04041,4,Equal Education,"Equal Education"
SDG04042,4,Student financial aid,"Student financial aid"
SDG04043,4,Open file format,"Open file format"
SDG04050,4,Teacher Training,"Teacher education, European Teacher Education Network, Teaching method, Vocational Training"
SDG04051,4,Teacher education,"Teacher education"
SDG04052,4,Teaching method,"Teaching method"
SDG04053,4,Vocational Training,"Vocational Training"
SDG04060,4,Educational Technology,"Educational technology, Education AND Innovation, Computer-supported collaborative learning",Computer-supported collaborative learning,Virtual Collaborative Learning, Distance education"
SDG04061,4,Computer-supported collaborative learning,"Computer-supported collaborative learning"
SDG04062,4,Virtual Collaborative Learning,"Virtual Collaborative Learning"
SDG04063,4,Distance education,"Distance education"
SDG04070,4,Open Education,"Nonformal learning, Open education, Open educational resources, Free education, Education AND Open access"
SDG04071,4,Open educational resources,"Open educational resources"
SDG04072,4,Free education,"Free education"
SDG04073,4,Open access, "Education AND Open access"
SDG04080,4,Distance education,"Nonformal learning, Global Citizenship, Distance education","Nonformal learning, Global Citizenship, Digital divide","Nonformal learning, Global Citizenship, Digital divide"
SDG04081,4,Nonformal learning,"Nonformal learning" 
SDG04082,4,Global Citizenship,"Education AND Global Citizenship" 
SDG04083,4,Digital divide,"Education AND Digital divide" 
SDG04090,4,Capacity Building,"Professional development, Capacity building, Coursework, Competency building,Professional development"
SDG04091,4,Professional development,"Professional development"
SDG04092,4,Coursework,"Coursework"
SDG04093,4,Competency building,"Competency building"
SDG04100,4,Special Education,"Special Education, Disability studies, Early childhood intervention, special needs, learning disabilities"
SDG04101,4,Early childhood intervention,"Early childhood intervention"
SDG04102,4,special needs,"special needs"
SDG04103,4,learning disabilities,"learning disabilities"
SDG05000,5,SDG 5,"Women's empowerment, Feminism, Gender Equality, Equal opportunity, Gender and education, Gender parity, Gender parity index, Gender inequality, Gender Mainstreaming, Gender-related violence, Sexual violence, Domestic Violence, Child marriage, Forced marriage, Human rights, Women's rights, Sexual Abuse, Sex Offense, Social inequality, Equal opportunity, Equal pay for equal work, Equal Pay, Disadvantaged, Discrimination, Discrimination based on skin tone, Discrimination against atheists, Sexual minority, Minority group, Minority influence, Social vulnerability, Social stratification, Transgender, Transgender inequality, LGBTQ, Lesbian, Gay, Sustainable Development Goal 5",,
SDG05010,5,Gender empowerment,"Gender empowerment,Women's empowerment, Feminism, Gender Equality"
SDG05011,5,Women's empowerment,"Women's empowerment"
SDG05012,5,Feminism,"Feminism"
SDG05013,5,Gender Equality,"Gender Equality"
SDG05020,5,Equal Opportunities,"Equal opportunity, Prejudice, Gender and education","Prejudice,Oppression,Substantive equality","Prejudice,Oppression,Substantive equality"
SDG05021,5,Gender Prejudice,"Gender AND Prejudice" 
SDG05022,5,Gender Oppression,"Gender AND Oppression" 
SDG05023,5,Substantive equality,"Substantive equality"
SDG05030,5,Gender Parity,"Gender parity, Gender parity index, Gender inequality, Gender Mainstreaming"
SDG05031,5,Gender identity,"Gender identity"
SDG05032,5,Gender inequality,"Gender inequality"
SDG05033,5,Gender Mainstreaming,"Gender Mainstreaming"
SDG05040,5,Gender-based Violence,"Gender-related violence, Sexual violence, Domestic Violence, Violence against women"
SDG05041,5,Violence against women,"Violence against women"
SDG05042,5,Sexual violence,"Sexual violence"
SDG05043,5,Domestic Violence,"Domestic violence"
SDG05050,5,Women's Rights,"Child marriage, Forced marriage, Human rights, Women's rights, Female education, Forced marriage, Misogyny"
SDG05051,5,Female education,"Female education"
SDG05052,5,Forced marriage,"Forced marriage"
SDG05053,5,Misogyny,"Misogyny"
SDG05060,5,Sex Offense,"Sexual Abuse, Sex Offense,Age of consent,Child sexual abuse, Stalking"
SDG05061,5,Sexual Abuse,"Sexual Abuse"
SDG05062,5,Stalking,"Gender AND Stalking"
SDG05063,5,Child sexual abuse,"Child sexual abuse"
SDG05070,5,Pay Equity,"Social inequality, Equal opportunity, Equal pay for equal work, Equal Pay,Labor rights"
SDG05071,5,Social inequality,"Social inequality"
SDG05072,5,Equal opportunity,"Equal opportunity"
SDG05073,5,Labor rights, "Gender AND Labor rights"
SDG05080,5,Discrimination,"Disadvantaged, Discrimination, Discrimination based on skin tone, RacismDiscrimination against atheists, Ableism"
SDG05081,5,Disadvantaged, "Gender AND Disadvantaged"
SDG05082,5,Racism,"Gender AND Racism"
SDG05083,5,Ableism,"Ableism"
SDG05090,5,Minorities,"Sexual minority, Minority group, Minority influence, Social vulnerability, Social stratification,Minority religion"
SDG05091,5,Sexual minority,"Sexual minority"
SDG05092,5,Religious minority,"Religious minority"
SDG05093,5,Ethnic minority,"Ethnic minority""
SDG05100,5,Representation,"Transgender, Transgender inequality, LGBTQ, Lesbian, Gay"
SDG05101,5,Transgender,"Transgender"
SDG05102,5,Lesbian,"Lesbian"
SDG05103,5,Gay,"Gay"
SDG06000,6,SDG 6,"Water supply, Water-use efficiency, Groundwater, Sanitation, Water AND Hygiene, Water Sanitation, Waterborne disease, Escherichia coli, Salmonella enterica, Polyomavirus infection, Desmodesmus, Reclaimed water, Desalination, Wastewater treatment, Drinking water, Drinking water quality standards, Safe Drinking Water, Drought, Water scarcity,  Water security, Water storage, Water resources, Water Resource Management, Integrated Water Resources Management, Water quality, Water quality law, Water quality modelling, Water rights, Water politics, Water Regulations Advisory Scheme, Water Pollution, Water AND Contamination, Aquatic toxicology, Sustainable Development Goal 6",,
SDG06010,6,Water Access,"Water supply, Water-use efficiency, Groundwater"
SDG06011,6,Water supply,"Water supply"
SDG06012,6,Water-use efficiency,"Water-use efficiency"
SDG06013,6,Groundwater","Groundwater""
SDG06020,6,Sanitation & Hygiene,"Sanitation, Water AND Hygiene, Water AND Sanitation,Ecological sanitation, Emergency sanitation, Sustainable sanitation"
SDG06021,6,Ecological sanitation,"Ecological sanitation"
SDG06022,6,Emergency sanitation,"Emergency sanitation"
SDG06023,6,Sustainable sanitation,"Sustainable sanitation"
SDG06030,6,Water-borne Disease,"Waterborne disease, Escherichia coli, Salmonella enterica, Polyomavirus infection, Desmodesmus"
SDG06031,6,Escherichia coli,"Escherichia coli"
SDG06032,6,Salmonella enterica,"Salmonella enterica"
SDG06033,6,Polyomavirus infection,"Polyomavirus infection"
SDG06040,6,Wastewater Management,"Reclaimed water, Desalination, Wastewater treatment","Reclaimed water, Desalination,Sewage treatment"
SDG06041,6,Reclaimed water,"Reclaimed water"
SDG06042,6,Desalination,"Desalination"
SDG06043,6,Sewage treatment,"Sewage treatment"
SDG06050,6,Clean Drinking Water,"Drinking water, Drinking water quality standards, Safe Drinking Water,Tap water"
SDG06051,6,Tap water,"Tap water"
SDG06052,6,Drinking water quality,"Drinking water quality standards"
SDG06053,6,Safe Drinking Water,"Safe Drinking Water"
SDG06060,6,Water Scarcity,"Drought, Water scarcity, Water security,Peak water"
SDG06061,6,Drought,"Drought"
SDG06062,6,Peak water,"Peak water"
SDG06063,6,Water security,"Water security"
SDG06070,6,Water Resource Management,"Water storage, Water resources, Water Resource Management, Integrated Water Resources Management,Water resource policy"
SDG06071,6,Water storage,"Water storage"
SDG06072,6,Water resources,"Water resources"
SDG06073,6,Water resource policy,"Water resource policy"
SDG06080,6,Water Quality,"Water quality, Water quality law, Water quality modelling"
SDG06081,6,Water quality law,"Water quality law"
SDG06082,6,Water quality modelling,"Water quality modelling"
SDG06083,6,Drinking quality verification,"Drinking water quality"
SDG06090,6,Water Policy,"Water rights, Water politics, Water Regulations Advisory Scheme"
SDG06091,6,Water rights,"Water rights"
SDG06092,6,Water politics,"Water politics"
SDG06093,6,Water Regulations,"Water Regulations Advisory Scheme"
SDG06100,6,Water Pollution,"Water Pollution, Water AND Contamination, Aquatic toxicology"
SDG06101,6,Turbidity,"Turbidity"
SDG06102,6,Salinity,"Salinity"
SDG06103,6,Pesticide,"Pesticide AND Water"
SDG07000,7,SDG 7,"Renewable energy, Solar power, Wind energy, Energy poverty, Energy for All, SolarAid, Sustainable Energy for All, Household energy insecurity, Sustainable energy, Energy poverty and cooking, Clean Energy Regulator, Energy efficiency, Energy efficiency implementation, Energy efficiency gap, Energy conservation, Energy storage, Electric potential energy, Thermal energy storage, Energy recycling, Energy recovery, Waste-to-energy, Waste heat, Sustainable energy, Carbon capture and storage, Energy transition, Energy development, Energy demand management, Electric energy consumption, World energy resources, World energy supply and consumption, Nuclear power, Potential energy, Nuclear reactor, Sustainable Development Goal 7",,
SDG07010,7,Renewable Energy,"Renewable energy, Solar power, Wind energy"
SDG07011,7,Solar power,"Solar power" 
SDG07012,7,Wind energy,"Wind energy" 
SDG07013,7,Hydropower,"Hydropower"
SDG07020,7,Energy Access,"Energy poverty, Energy for All, Energy poverty and cooking, SolarAid, Sustainable Energy for All, Household energy insecurity"
SDG07021,7,Energy poverty,"Energy poverty"
SDG07022,7,Energy democratisation,"Energy for All" 
SDG07023,7,Household energy insecurity,"Household energy insecurity"
SDG07030,7,Energy transition, "Energy transition, Energy security, Sustainable energy, Clean Energy Regulator"
SDG07031,7,Energy security,"Energy security"
SDG07032,7,Variable renewable energy,"Variable renewable energy"
SDG07033,7,Grid balancing,"Grid balancing"
SDG07040,7,Energy Efficiency,"Energy efficiency, Energy efficiency implementation, Energy efficiency gap"
SDG07041,7,Thermal efficiency,"Luminous efficacy"
SDG07042,7,Luminous efficacy,"Luminous efficacy"
SDG07043,7,Power usage efficacy,"Power usage effectiveness"
SDG07050,7,Energy Conservation,"Energy conservation, Energy storage, Electric potential energy, Thermal energy storage"
SDG07051,7,Energy storage,"Energy storage"
SDG07052,7,Electric potential energy,"Electric potential energy"
SDG07053,7,Thermal energy storage,"Thermal energy storage"
SDG07060,7,Energy Recycling,"Energy recycling, Energy recovery, Waste-to-energy, Waste heat,Cogeneration"
SDG07061,7,Energy recovery,"Energy recovery" 
SDG07062,7,Waste-to-energy,"Waste-to-energy" 
SDG07063,7,Cogeneration,"Cogeneration"
SDG07070,7,Sustainable Energy,"Sustainable energy, Carbon capture and storage, Energy transition,Sustainable city,Sustainable refurbishment,Sustainable biofuel"
SDG07071,7,Sustainable city,"Sustainable city"
SDG07072,7,Sustainable refurbishment,"Sustainable refurbishment"
SDG07073,7,Sustainable biofuel,"Sustainable biofuel"
SDG07080,7,Energy Infrastructure,"Energy development, Energy demand management, Electric energy consumption","Energy development, Energy demand, Energy consumption","Energy development, Energy demand management, Electric energy consumption"
SDG07081,7,Energy development,"Energy development"
SDG07082,7,Energy demand management,"Energy demand management"
SDG07083,7,Electric energy consumption,"Electric energy consumption"
SDG07090,7,Energy Policy,"World energy resources, World energy supply and consumption, Energy policy,Energy planning,Energy intensity,Nuclear energy policy"
SDG07091,7,Energy planning,"Energy planning"
SDG07092,7,Energy intensity,"Energy intensity,"
SDG07093,7,Nuclear energy policy,"Nuclear energy policy"
SDG07100,7,Nuclear Energy,"Nuclear power, Potential energy, Nuclear reactor, Nuclear energy policy"
SDG07101,7,Nuclear power,"Nuclear power"
SDG07102,7,Potential energy,"Potential energy"
SDG07103,7,Energy economics,"Energy economics"
SDG08000,8,SDG 8,"Unemployment, Self-employment, Workforce, Economic Growth, Informal Economy, Globalization, Sustainability, Sustainable tourism, Ecotourism, Financial models, Business model, Innovation, Financial support, Worker Rights, Labor Right, Labour law, Decent Work, Fundamental rights, Dignity of labour, Inclusive Development Index, Inclusive growth, Sustainable development, Resource efficiency, Resource intensity, Sustainability measurement, Youth Unemployment, Unemployment, Capacity building, Corporate Social Responsibility, Conscious business, Corporate governance, Sustainable Development Goal 8",,
SDG08010,8,Unemployment,"Unemployment, Self-employment, Workforce,Unemployment benefits,Technological unemployment","Self-employment, Unemployment benefits,Technological unemployment","Self-employment, Unemployment benefits,Technological unemployment"
SDG08011,8,
SDG08012,8,
SDG08013,8,
SDG08020,8,Economic Development,"Economic Growth, Informal Economy, Globalization","Economic Growth, Informal Economy, Globalization","Economic Growth, Informal Economy, Globalization"
SDG08021,8,
SDG08022,8,
SDG08022,8,
SDG08030,8,Sustainable Tourism,"Sustainability, Sustainable tourism, Ecotourism","Nature-positive Tourism,Responsible Tourism,Ecotourism", "Nature-positive, Leave No Trace,Ecotourism"
SDG08031,8,
SDG08032,8,
SDG08033,8,
SDG08040,8,Entrepreneurship,"Financial models, Business model, Innovation, Financial support","Financial, Business, Innovation","Financial models, Business model, Innovation"
SDG08041,8,
SDG08042,8,
SDG08043,8,
SDG08050,8,Labor Rights,"Worker Rights, Labor rights, Labour law,Right to work","Worker Rights, Freedom of association, Labour law","Worker Rights, Freedom of association, Labour law"
SDG08051,8,
SDG08052,8,
SDG08053,8,
SDG08060,8,Decent Work,"Decent Work, Fundamental rights, Dignity of labour,Decent work","Decent Work, Decent work, Dignity of labour","Decent Work, Decent work, Dignity of labour"
SDG08061,8,
SDG08062,8,
SDG08063,8,
SDG08070,8,Economic inclusivity,"Inclusive Development Index, Inclusive growth, Sustainable development","Inclusive Development, Inclusive growth, Sustainable development","Inclusive Development Index, Inclusive growth, Sustainable development"
SDG08071,8,
SDG08072,8,
SDG08073,8,
SDG08080,8,Resource Efficiency,"Resource efficiency, Resource intensity, Sustainability measurement,Resource productivity,Environmental degradation","Resource productivity,Resource intensity,Environmental degradation","Resource productivity,Resource intensity,Environmental degradation"
SDG08081,8,
SDG08082,8,
SDG08083,8,
SDG08090,8,Youth Employment,"Youth Unemployment, Unemployment, Capacity building,Social entrepreneurship","Capacity building,Social entrepreneurship,Youth intervention","Capacity building,Social entrepreneurship,Youth intervention"
SDG08091,8,
SDG08092,8,
SDG08093,8,
SDG08100,8,Corporate Social Responsibility,"Corporate Social Responsibility, Conscious business, Corporate governance","Responsible Research and Innovation,Conscious business, Corporate governance","Responsible Research and Innovation,Conscious business, Corporate governance"
SDG08101,8,
SDG08102,8,
SDG08103,8,
SDG09000,9,SDG 9,"Infrastructure, IT infrastructure, Data center, Business continuity planning, Industrialisation, Manufacturing, Technology life cycle, Research and development, Technology demonstration, Prototype, Innovation, Lean project management, Intellectual property, Sustainable industries, Green infrastructure, Sustainable energy, Cyber Resilience Act, Computer security, Cyber resilience, Software standard, Industrial Policy, Communication protocol, Domino effect accident, Process safety, Transdisciplinarity, Green economy, Ecological economics, Environmental economics, Artificial Intelligence, Digital transformation, Discovery-driven planning, Sustainable Development Goal 9",,
SDG09010,9,Infrastructure,"Infrastructure, IT infrastructure, Data center, Business continuity planning,Critical infrastructure","Cloud infrastructure, Data infrastructure, Critical infrastructure","Cloud computing, Data infrastructure, Critical infrastructure"
SDG09011,9,
SDG09012,9,
SDG09013,9,
SDG09020,9,Industrialization,"Industrialisation, Manufacturing, Technology life cycle", "Human-Machine Interaction, Human-Robot Collaboration,Industry 5.0", "Human–computer interaction, Human–robot interaction, Fourth Industrial Revolution"
SDG09021,9,
SDG09022,9,
SDG09023,9,
SDG09030,9,Research & Development,"Research and development, Technology demonstration, Prototype","Open science,Technology demonstration, Technology transfer","Open science,Technology demonstration, Technology transfer"
SDG09031,9,
SDG09032,9,
SDG09033,9,
SDG09040,9,Innovation,"Innovation, Lean project management, Intellectual property, Open innovation","Lean development, Intellectual property, Open innovation","Lean software development, Intellectual property, Open innovation"
SDG09041,9,
SDG09042,9,
SDG09043,9,
SDG09050,9,Sustainable industries,"Sustainable industries, Green infrastructure, Sustainable energy","Environmental impact assessment, Green infrastructure, ESG","Environmental impact assessment, Green infrastructure, Environmental,_social,_and_governance"
SDG09051,9,
SDG09052,9,
SDG09053,9,
SDG09060,9,Technology Resilience,"Cyber Resilience Act, Computer security, Cyber resilience","Cybercrime,Computer security, Cyber resilience","Cybercrime,Computer security, Cyber resilience"
SDG09061,9,
SDG09062,9,
SDG09063,9,
SDG09070,9,Industrial Policy,"Software standard, Industrial Policy, Communication protocol","Software standard, Commercial policy, Communication protocol","Software standard, Commercial policy, Communication protocol"
SDG09071,9,
SDG09072,9,
SDG09073,9,
SDG09080,9,NaTech Accidents,"Domino effect accident, Process safety, Transdisciplinarity","Domino effect accident, Process safety, Disaster risk reduction","Domino effect accident, Process safety, Disaster risk reduction"
SDG09081,9,
SDG09082,9,
SDG09083,9,
SDG09090,9,Green Economy,"Green economy, Ecological economics, Environmental economics","Sustainability certification,Green accounting, Environmental economics", "Sustainability standards and certification,Green accounting, Environmental economics"
SDG09091,9,
SDG09092,9,
SDG09093,9,
SDG09100,9,Digital Transformation,"Artificial Intelligence, Digital transformation, Discovery-driven planning","Artificial Intelligence, Digital transformation, Discovery-driven planning","Artificial Intelligence, Digital transformation, Discovery-driven planning"
SDG09101,9,
SDG09102,9,
SDG09103,9,
SDG10000,10,SDG 10,"Inclusive growth, Smart growth, Social exclusion, Discrimination, Antisemitism, Anti-Catholicism, Anti-Arabism, Income distribution, Economic inequality, Distribution of wealth, Social mobility, Social stigma, Spatial inequality, Social equity, Social justice, Social privilege, Migrant, Refugee, Diaspora, Asylum seeker, Disability, Assistive technology, Parents with disabilities, Global citizenship, Transnationality, Transnationalism, Globalization, Fair trade, Fairtrade International, Alter-globalization, Social inequality, Gini coefficient, Distribution of wealth, Sustainable Development Goal 10",,
SDG10010,10,Social exclusion,"Inclusive growth, Smart growth, Social exclusion","Inclusive growth, Smart growth, Social alienation","Inclusive growth, Smart growth, Social alienation"
SDG10011,10,
SDG10012,10,
SDG10013,10,
SDG10020,10,Discrimination,"Discrimination, Antisemitism, Anti-Catholicism, Anti-Arabism","Antisemitism, Anti-Catholicism, Anti-Arabism","Antisemitism, Anti-Catholicism, Anti-Arabism"
SDG10021,10,
SDG10022,10,
SDG10023,10,
SDG10030,10,Income Inequality,"Income distribution, Economic inequality, Distribution of wealth","Economic security,Economic inequality, wealth Distribution","Economic security,Economic inequality, wealth Distribution"
SDG10031,10,
SDG10032,10,
SDG10033,10,
SDG10040,10,Social stigma,"Stereotype, Social stigma, Spatial inequality,Attribution bias", "Stereotype, Attribution bias, Epistemic injustice","Stereotype,Attribution bias, Epistemic injustice"
SDG10041,10,
SDG10042,10,
SDG10043,10,
SDG10050,10,Equitable Opportunities,"Social equity, Social justice, Social privilege","Social equity, Social justice, Social privilege","Social equity, Social justice, Social privilege"
SDG10051,10,
SDG10052,10,
SDG10053,10,
SDG10060,10,Migrants and Refugees,"Migrant, Refugee, Diaspora, Asylum seeker","Refugees, Diaspora, Asylum seeker","Refugee, Diaspora, Asylum seeker"
SDG10061,10,
SDG10062,10,
SDG10063,10,
SDG10070,10,Developmental disability,"Disability, Assistive technology, Parents with disabilities, Developmental disability","Disability welfare, Assistive technology, Parents with disabilities","Disability welfare, Assistive technology, Parents with disabilities"
SDG10071,10,
SDG10072,10,
SDG10073,10,
SDG10080,10,Global Citizenship,"Global citizenship, Transnationality, Transnationalism, Globalization","Global justice,Transnationalism, Globalization","Global justice,Transnationalism, Globalization"
SDG10081,10,
SDG10082,10,
SDG10083,10,
SDG10090,10,Fair Trade,"Fair trade, Fairtrade International, Alter-globalization","Fair trade certification, Ethical consumerism, Alter-globalization","Fair trade certification, Ethical consumerism, Alter-globalization"
SDG10091,10,
SDG10092,10,
SDG10093,10,
SDG10100,10,Distribution of wealth,"Social inequality, Gini coefficient, Distribution of wealth","Social inequality, Gini coefficient,conomic heterogeneity","Social inequality, Gini coefficient,Heterogeneity in economics"
SDG10101,10,
SDG10102,10,
SDG10103,10,
SDG11000,11,SDG 11,"Urbanization, Smart Cities, Urban Planning, Affordable Housing, Household income, Housing affordability index, Sustainable transport, Cyclability, Environmental impact of shipping, Sustainable urban infrastructure, Climate Resilient Infrastructure Development Facility, Critical infrastructure, Green infrastructure, Green belt, Greenway (landscape), Waste management, Biomedical waste, Sanitary engineering, Air pollution, Air quality index, Air Pollution Index, Public Transport, Shared transport, Journey planner, Flood management, Emergency management, Flood risk assessment, Sustainable city, Smart city, Eco-cities, Sustainable Development Goal 11",,
SDG11010,11,Green Urban Planning,"Urbanization, Smart Cities, Urban Planning, Green infrastructure, Green belt, Greenway (landscape)","Green infrastructure, Green belt, Greenway","Green infrastructure, Green belt, Greenway (landscape)"
SDG11011,11,
SDG11012,11,
SDG11013,11,
SDG11020,11,Affordable Housing,"Affordable Housing, Household income, Housing affordability index","Public housing,Housing inequality,Housing policy","Public housing,Housing inequality,Housing authority"
SDG11021,11,
SDG11022,11,
SDG11023,11,
SDG11030,11,Sustainable Transport,"Sustainable transport, Cyclability, Environmental impact of shipping, Public Transport, Shared transport, Journey planner","Cyclability, Public Transport, Shared transport","Cyclability, Public Transport, Shared transport"
SDG11031,11,
SDG11032,11,
SDG11033,11,
SDG11040,11,Resilient Infrastructure,"Sustainable urban infrastructure, Climate Resilient Infrastructure Development Facility, Critical infrastructure","Sustainable urban infrastructure, Climate Resilient Infrastructure, Infrastructure security","Sustainable urban infrastructure, Climate Resilient Infrastructure, Infrastructure security"
SDG11041,11,
SDG11042,11,
SDG11043,11,
SDG11050,11,Smart Cities,"Smart city, Internet of things, Community-driven development, Community organization","Ecodistrict, Urban informatics, Zero-carbon city","Ecodistrict, Urban informatics, Zero-carbon city"
SDG11051,11,
SDG11052,11,
SDG11053,11,
SDG11060,11,Waste Management,"Waste management, Biomedical waste, Sanitary engineering","Recycling, Landfarming, Sanitary engineering","Recycling, Landfarming, Sanitary engineering"
SDG11061,11,
SDG11062,11,
SDG11063,11,
SDG11070,11,Air Quality,"Air pollution, Air quality index, Air Pollution Index","Air pollution, Particulate matter,Emission standard","Air pollution, Particulate matter,Emission standard"
SDG11071,11,
SDG11072,11,
SDG11073,11,
SDG11080,11,Sustainable Communities,"Sustainable community, Sustainable living, Sustainable Communities Plan, Green affordable housing,Urban resilience,Participatory planning,Environmental gentrification","Urban resilience,Participatory planning,Environmental gentrification","Urban resilience,Participatory planning,Environmental gentrification"
SDG11081,11,
SDG11082,11,
SDG11083,11,
SDG11090,11,Disaster Preparedness,"Flood management, Emergency management, Flood risk assessment,Early warning system,Disaster response","Early warning system, Emergency management,Disaster response","Early warning system, Emergency management,Disaster response"
SDG11091,11,
SDG11092,11,
SDG11093,11,
SDG11100,11,Sustainable Cities,"Sustainable city, Smart city, Eco-cities","Sustainable urbanism,Green infrastructure, Walkability","Sustainable urbanism,Green infrastructure, Walkability"
SDG11101,11,
SDG11102,11,
SDG11103,11,
SDG12000,12,SDG 12,"Food loss and waste, Waste minimisation, Recycling, Reuse, Recycling bin, Materials recovery facility, Production Patterns, Responsible Business, Sustainable consumption, Anti-consumerism, Collaborative consumption, Overconsumption (economics), Circular Economy, Circular procurement, Durable good, Sustainable products, Resource efficiency, Ecological efficiency, Efficient energy use, Consumer behaviour, Advertising management, Predictive buying, Supply chain, Logistics, Supply chain management, Supply chain attack, Ecological design, European Ecodesign Directive, Eco-innovation, Environmental design, Environmental impact assessment, Environmental issues, Strategic environmental assessment, Sustainable Development Goal 12",,
SDG12010,12,Waste Reduction,"Food loss and waste, Waste minimisation,Source reduction,Zero waste","Precycling,Source reduction,Zero waste","Precycling,Source reduction,Zero waste"



SDG12020,12,Recycling,"Recycling, Reuse, Recycling bin, Materials recovery facility,E-waste recycling,Appliance recycling","E-waste recycling,Appliance recycling,Materials recovery facility","Electronic waste recycling,Appliance recycling,Materials recovery facility"



SDG12030,12,Sustainable Production,"Production Patterns, Responsible Business","Green manfactoring,Production Patterns, Responsible Business","Green factory,Production Patterns, Responsible Business"



SDG12040,12,Sustainable Consumption,"Sustainable consumption, Anti-consumerism, Collaborative consumption, Overconsumption (economics)","Anti-consumerism, Collaborative consumption, Overconsumption","Anti-consumerism, Collaborative consumption, Overconsumption (economics)"



SDG12050,12,Circular Economy,"Circular Economy, Circular procurement, Durable good, Sustainable products","Circular procurement,Sustainable product,Product stewardship","Circular procurement,Sustainable products,Product stewardship"



SDG12060,12,Resource Efficiency,"Resource efficiency, Ecological efficiency, Efficient energy use,Industrial ecology","Ecological efficiency,Industrial ecology,Environmental design","Ecological efficiency,Industrial ecology,Environmental design"



SDG12070,12,Consumer Awareness,"Consumer behaviour, Advertising management, Predictive buying","Consumer behaviour, Advertising management, Predictive buying","Consumer behaviour, Advertising management, Predictive buying"



SDG12080,12,Supply Chains,"Supply chain, Logistics, Supply chain management, Supply chain attack","Supply chain sustainability,Supply chain management, Supply chain attack","Supply chain sustainability,Supply chain management, Supply chain attack"



SDG12090,12,Eco-friendly Products,"Ecological design, European Ecodesign Directive, Eco-innovation, Environmental design,Ecomodernism","Ecological design,Eco-innovation,Ecomodernism","Ecological design,Eco-innovation,Ecomodernism"



SDG12100,12,Life cycle assessment,"Environmental impact assessment, Life cycle assessment, Strategic environmental assessment,True cost accounting","End-of-life product,True cost accounting, Strategic environmental assessment","End-of-life product,True cost accounting, Strategic environmental assessment"



SDG13000,13,SDG 13,"Climate Change, Climate variability and change, United Nations Framework Convention on Climate Change, Carbon Footprint, Greenhouse gas emissions, Carbon dioxide in Earth's atmosphere, Climate justice, Environmental justice, Environmental degradation, Climate change adaptation, Effects of climate change, Environmental issues, Renewable Energy, Climate change mitigation, Climate resilience, Environmental protection, Ecological resilience, Global warming, Global surface temperature, Temperature anomaly, Climate risk, Effects of climate change, Climate crisis, Climate movement, Climate action, European Green Deal, Paris Agreement, Conference of the parties, Drought,  Disaster risk reduction, Flood, Extreme weather, Sustainable Development Goal 13",,SDG13010,13,Climate Change,"Climate Change, Climate variability and change, United Nations Framework Convention on Climate Change,Polar amplification","Global warming,Weather extremes,Polar amplification","Climate Change,Extreme weather,Polar amplification"
SDG13011,13,Climate Change,"Climate Change"
SDG13012,13,Extreme weather,"Extreme weather"
SDG13013,13,Polar amplification,"Polar amplification"
SDG13020,13,Carbon Footprint,"Carbon Footprint, Greenhouse gas emissions, Carbon dioxide in Earth's atmosphere"
SDG13021,13,Embedded emissions,"Embedded emissions"
SDG13022,13,Emission intensity,"Emission intensity"
SDG13023,13,Greenhouse gas emissions,"Greenhouse gas emissions"
SDG13030,13,Climate Justice,"Climate justice, Environmental justice, Environmental degradation","Environmental crime, Environmental justice, Earth rights"
SDG13031,13,Environmental crime,"Environmental crime"
SDG13032,13,Environmental justice,"Environmental justice"
SDG13033,13,Rights of nature,"Rights of nature"
SDG13040,13,Climate Change Mitigation,"Climate change adaptation, Effects of climate change, Environmental issues, Renewable Energy, Climate change mitigation"
SDG13041,13,Afforestation,"Afforestation"
SDG13042,13,Climate change adaptation,"Climate change adaptation"
SDG13043,13,Climate change scenario,"Climate change scenario"
SDG13050,13,Climate Change Resilience,"Climate resilience, Environmental protection, Ecological resilience,Climate change mitigation"
SDG13051,13,Environmental protection,"Environmental protection"
SDG13052,13,Ecological resilience,"Ecological resilience"
SDG13053,13,Climate action,"Climate action"
SDG13060,13,Global Warming,"Global warming, Global surface temperature, Temperature anomaly"
SDG13061,13,Greenhouse effect,"Greenhouse effect"
SDG13062,13,Global surface temperature,"Global surface temperature"
SDG13063,13,Temperature anomaly,"Temperature anomaly"
SDG13070,13,Climate Risk,"Climate risk, Effects of climate change,Climate change vulnerability"
SDG13071,13,Climate change vulnerability,"Climate change vulnerability"
SDG13072,13,Effects of climate change,"Effects of climate change"
SDG13073,13,Sea level rise,"Sea level rise"
SDG13080,13,Climate Crisis,"Climate crisis, Climate movement, Climate action"
SDG13081,13,Climate emergency,"Climate emergency declaration"
SDG13082,13,Environmental disaster,"Environmental disaster"
SDG13083,13,Ecocide,"Ecocide"
SDG13090,13,Climate Policy,"European Green Deal, Paris Agreement, Conference of the parties"
SDG13091,13,Carbon price,"Carbon price"
SDG13092,13,Emissions trading,"Emissions trading"
SDG13093,13,Climate finance,"Climate finance"
SDG13100,13,Natural Emergency,"Emergency management,Drought, Disaster risk reduction, Flood, Extreme weather","Emergency communication,Emergency Alert,Emergency Broadcast",""
SDG13101,13,Emergency communication system,"Emergency communication system"
SDG13102,13,Emergency Alert System,"Emergency Alert System"
SDG13103,13,Emergency Broadcast System,"Emergency Broadcast System"
SDG14000,14,SDG 14,"Marine Life, Freshwater ecosystem, Marine ecosystem, Oceans, Marine conservation, Marine resources, Fishery, Aquaculture, Overfishing, Marine pollution, Invasive species, Plasticosis, Marine Biodiversity, Ocean AND Biodiversity, Marine habitat, Sustainable fishery, Population dynamics of fisheries, Sustainable yield in fisheries, Ocean acidification, Marine biogenic calcification, Estuarine acidification, Coral reef, Coral, Deep-water coral, Sponge reef, Marine resources, Marine energy, Human impact on marine life, Effects of climate change on oceans, Marine coastal ecosystem, Coastal management, Coastal erosion, Sustainable Development Goal 14",,
SDG14010,14,Marine Ecosystems,"Marine Life, Freshwater ecosystem, Marine ecosystem","Marine Life, Freshwater ecosystem,Marine habitat","Marine Life, Freshwater ecosystem,Marine habitat"



SDG14020,14,Ocean Conservation,"Oceans, Marine conservation, Marine resources,Marine protected area","Marine Legislation,Marine protected area, Marine resources","Law of the sea,Marine protected area, Marine resources"



SDG14030,14,Fisheries,"Fishery, Aquaculture, Overfishing","Fishery,Aquaculture, Overfishing","Fishery,Aquaculture, Overfishing"



SDG14040,14,Marine Pollution,"Marine pollution, Invasive species, Plasticosis,Oil spill","Oil spill,Invasive species, Plasticosis","Oil spill,Invasive species, Plasticosis"



SDG14050,14,Marine Biodiversity,"Marine Biodiversity, Ocean AND Biodiversity, Marine habitat","Marine food web,Kelp forest,Marine sediment","Marine food web,Kelp forest,Marine sediment"



SDG14060,14,Sustainable Fishing,"Sustainable fishery, Population dynamics of fisheries, Sustainable yield in fisheries","Bycatch reduction,Population dynamics, Marine stewardship","Bycatch,Population dynamics of fisheries,Marine stewardship Council"



SDG14070,14,Ocean Acidification,"Ocean acidification, Marine biogenic calcification, Estuarine acidification","Ocean deoxygenation,Estuarine acidification,Marine biogenic calcification","Ocean deoxygenation,Estuarine acidification,Marine biogenic calcification"



SDG14080,14,Coral Reefs,"Coral reef, Coral, Deep-water coral, Sponge reef","Coral reef conservation,Coral bleaching,Reef restoration","Coral reef conservation,Coral bleaching,Great Barrier Reef"



SDG14090,14,Marine Resources,"Marine resources, Marine energy, Human impact on marine life, Effects of climate change on oceans","Marine energy, Human impact, Effects of climate change","Marine energy, Human impact on marine life, Effects of climate change on oceans"



SDG14100,14,Coastal Protection,"Marine coastal ecosystem, Coastal management, Coastal erosion","Marine coastal ecosystem, Coastal management, Coastal erosion","Marine coastal ecosystem, Coastal management, Coastal erosion"



SDG15000,15,SDG 15,"Deforestation, Clearcutting, Defaunation, Biodiversity, Life, Ecosystem diversity, Land Degradation, Land management, Surface runoff, Forest management, Reforestation, Forest, Ecological restoration, Ecosystem service, Carbon sequestration, Wildlife conservation, Wildlife, Habitat destruction, Desertification, Land degradation, Biodiversity loss, Protected Areas, Nature reserve, Nature conservation, Sustainable Forestry, Forestry, Woodland, Soil health, Soil resilience, Soil fertility, Sustainable Development Goal 15",,
SDG15010,15,Deforestation,"Deforestation, Clearcutting, Defaunation","Forest transitionClearcutting, Defaunation","Forest transitionClearcutting, Defaunation"



SDG15020,15,Biodiversity conservation,"Biodiversity, Life, Ecosystem diversity","Endangered species,Protected area,Ecosystem diversity","Endangered species,Protected area,Ecosystem diversity"



SDG15030,15,Land Degradation,"Land Degradation, Land management, Surface runoff","Land reclamation,Land management, Surface runoff","Land reclamation,Land management, Surface runoff"



SDG15040,15,Reforestation,"Forest management, Reforestation, Forest","Forest restoration,Forest management,Revegetation","Forest restoration,Forest management,Revegetation"



SDG15050,15,Ecosystem Restoration,"Ecological restoration, Ecosystem service, Carbon sequestration","Habitat restoration,Ecosystem service, Carbon sequestration","Habitat restoration,Ecosystem service, Carbon sequestration"



SDG15060,15,Wildlife Conservation,"Wildlife conservation, Wildlife, Habitat destruction","Poaching, Wildlife corridor, Habitat destruction","Poaching, Wildlife corridor, Habitat destruction"



SDG15070,15,Desertification,"Desertification, Land degradation, Biodiversity loss","Aridification,Land degradation, Biodiversity loss","Aridification,Land degradation, Biodiversity loss"



SDG15080,15,Protected Areas,"Protected Areas, Nature reserve, Nature conservation, Forest reserve","Nature reserve, Nature conservation, Forest reserve","Nature reserve, Nature conservation, Forest reserve"



SDG15090,15,Sustainable Forestry,"Sustainable Forestry, Forestry, Woodland","Forest management,Forest certification,Agroforestry","Forest management,Certified wood,Agroforestry"



SDG15100,15,Soil Sustainability,"Soil health, Soil resilience, Soil fertility","Soil health, Soil resilience, Soil fertility","Soil health, Soil resilience, Soil fertility"



SDG16000,16,SDG 16,"Rule of Law, Legal certainty, Public interest law, Human Rights, Right to life, Freedom of speech, Right to education, Justice, Court, Social contract, Transparency (behavior), Openness, Open standard, Anti-Corruption, Regulatory compliance, Professional ethics, Bribery, Strong AND Institution, Cultural reproduction, Value (ethics), Accountability, Legal liability, Strict liability, Peace, Conflict Resolution, Freedom, Liberty, Autonomy, Social exclusion, Ostracism, Social rejection, Social vulnerability, Sustainable Development Goal 16",,
SDG16010,16,Rule of Law,"Rule of Law, Legal certainty, Public interest law"
SDG16011,16,Legal certainty,"Legal certainty"
SDG16012,16,Public interest law,"Public interest law"
SDG16013,16,Consumer protection,"Consumer protection"
SDG16020,16,Human Rights,"Human Rights, Right to life, Freedom of speech, Right to education","Right to life, Freedom of speech, Right to education","Right to life, Freedom of speech, Right to education"
SDG16021,16,Right to life,"Right to life"
SDG16022,16,Freedom of speech,"Freedom of speech"
SDG16023,16,Right to education,"Right to education"
SDG16030,16,Access to Justice,"Justice, Court, Social contract,Legal aid,Judicial independence,Alternative dispute resolution",""
SDG16031,16,Legal aid,"Legal aid"
SDG16032,16,Judicial independence,"Judicial independence"
SDG16033,16,Alternative dispute resolution,"Alternative dispute resolution"
SDG16040,16,Transparency,"Transparency (behavior), Openness, Open standard"
SDG16041,16,Open government,"Open government"
SDG16042,16,Open standard,"Open standard"
SDG16043,16,Freedom of information,"Freedom of information"
SDG16050,16,Anti-Corruption,"Anti-Corruption, Regulatory compliance, Professional ethics, Bribery"
SDG16051,16,Regulatory compliance,"Regulatory compliance" 
SDG16052,16,Professional ethics,"Professional ethics"
SDG16053,16,Bribery,"Bribery"
SDG16060,16,Strong Institutions,"Strong AND Institution, Cultural reproduction, Value (ethics)"
SDG16061,16,Adaptive capacity,"Adaptive capacity"
SDG16062,16,Separation of powers,"Separation of powers"
SDG16063,16,Ethical Value,"Value (ethics)"
SDG16070,16,Accountability,"Accountability, Legal liability, Strict liability,Social accountability"
SDG16071,16,Accountability,"Accountability"
SDG16072,16,Legal liability,"Legal liability"
SDG16073,16,Social accountability,"Social accountability"
SDG16080,16,Conflict Resolution,"Peace, Conflict Resolution","Mediation,Peace process,Reconciliation"
SDG16081,16,Conflict Mediation,"Conflict AND Mediation"
SDG16082,16,Peace process,"Peace process"
SDG16083,16,Transitional justice,"Transitional justice"
SDG16090,16,Autonomy,"Freedom, Liberty, Autonomy,Political autonomy,Personal autonomy,Administrative autonomy"
SDG16091,16,Political freedom,"Political freedom"
SDG16092,16,Autonomy,"Autonomy AND Society"
SDG16093,16,Autonomous administrative division,"Autonomous administrative division"
SDG16100,16,Inclusivity,"Social exclusion, Ostracism, Social rejection, Social vulnerability"
SDG16101,16,Social exclusion,"Social exclusion"
SDG16102,16,Social rejection,"Social rejection"
SDG16103,16,Social vulnerability,"Social vulnerability"
SDG17000,17,SDG 17,"International cooperation, Translational cooperation, Multilateral agreements, International agreements, Multilingual, Multicultural, Knowledge sharing, Public–private partnership, Strategic partnership, Foreign Aid, Financial assistance (share purchase), Funding of science, Development Cooperation, Capacity Building, Community capacity building,Technology Transfer, Knowledge transfer, Transfer of learning, Stakeholder engagement, Stakeholder engagement software, Stakeholder management, Commercial policy, Common commercial policy, Common Commercial Policy (EU), Free trade agreement, Global Partnerships, International development, International Partnership for Human Rights, Policy coherence for development, Global governance, Resource mobilization, Mass mobilization, Social movement organization, Partnerships for Goals, Multilateralism, Multilateral treaty, Sustainable Development Goal 17",,
SDG17010,17,Global Cooperation,"International cooperation, Translational cooperation, Multilateral agreements, International agreements, Multilingual, Multicultural, Knowledge sharing, Public–private partnership, Strategic partnership"
SDG17011,17,Global governance,"Global governance"
SDG17012,17,International law,"International law"
SDG17013,17,Global public good,"Global public good"
SDG17020,17,Financial Aid,"Foreign Aid, Financial assistance (share purchase), Funding of science"
SDG17021,17,Development aid,"Development aid"
SDG17022,17,Financial assistance,"Financial assistance (share purchase)"
SDG17023,17,Funding of science,"Funding of science"
SDG17030,17,Capacity Building,"Development Cooperation, Capacity Building, Community capacity building,Personal development,Training"
SDG17031,17,Personal development,"Personal development"
SDG17032,17,Training,"Training"
SDG17033,17,Scholarship,"Scholarship"
SDG17040,17,Knowledge Transfer,"Technology Transfer, Knowledge transfer, Transfer of learning"
SDG17041,17,Organizational learning,"Organizational learning"
SDG17042,17,Technology Transfer,"Technology Transfer"
SDG17043,17,Knowledge Transfer Partnerships,"Knowledge Transfer Partnerships"
SDG17050,17,Stakeholder Engagement,"Stakeholder engagement, Stakeholder engagement software, Stakeholder management"
SDG17051,17,Collaborative governance,"Collaborative governance"
SDG17052,17,Stakeholder engagement software,"Stakeholder engagement software" 
SDG17053,17,Stakeholder management,"Stakeholder management"
SDG17060,17,Trade Policies,"Commercial policy, Common commercial policy, Common Commercial Policy (EU), Free trade agreement"
SDG17061,17,Trade barrier,"Trade barrier"
SDG17062,17,Common commercial policy,"Common commercial policy"
SDG17063,17,Free trade agreement,"Free trade agreement"
SDG17070,17,International Partnerships,"Global Partnerships, International development, International Partnership for Human Rights"
SDG17071,17,Global Partnerships,"Global Partnerships" 
SDG17072,17,International development,"International development" 
SDG17073,17,International Partnership for Human Rights,"International Partnership for Human Rights"
SDG17080,17,Policy Coherence,"Policy coherence for development, Global governance,International law,Intergovernmentalism"
SDG17081,17,Intergovernmentalism,"Intergovernmentalism"
SDG17082,17,Global governance,"Global governance"
SDG17083,17,International law,"International law"
SDG17090,17,Resource Mobilization,"Resource mobilization, Mass mobilization, Social movement organization"
SDG17091,17,Social constructionism,"Social constructionism"
SDG17092,17,Mass mobilization,"Mass mobilization"
SDG17093,17,Social movement organization,"Social movement organization"
SDG17100,17,Multilateral Agreements,"Partnerships for Goals, Multilateralism, Cross-border cooperation, Multilateral treaty"
SDG17101,17,Partnerships for Goals,"Partnerships for Goals" 
SDG17102,17,Cross-border cooperation,"Cross-border cooperation" 
SDG17103,17,Multilateral treaty,"Multilateral treaty"
